,principal component 1,principal component 2,principal component 3,principal component 4,principal component 5,principal component 6,Occupation
0,-4.759987565075632,-0.3222521808926843,0.6628722395741242,-0.5955960529337341,-0.2861994238532788,-0.04664367620434875,Chief executives
1,-4.036169687216572,-0.7377511789476714,0.03342007711891953,-0.2510717954135664,-0.31194837959648,-0.03736408435231399,General and operations managers
2,2.301633841249889,1.218454481995392,-0.2601051707452121,-0.0521080334325644,-0.7651403213002848,-0.10232383767880741,Advertising and promotions managers
3,-2.5872290043499473,0.24481637000210807,0.0568025016660703,-0.5642890100007643,-0.2557212545604845,-0.025092186945583624,Marketing managers
4,-2.207946880633379,-0.05639738107833642,0.12782846208375978,-0.5620444324160011,-0.03801576166257996,-0.013035880242762329,Sales managers
5,2.109434427139305,1.2143986040488643,-0.12133281708891885,-1.006187811897851,-0.11585208010989549,-0.019628262227073798,Public relations and fundraising managers
6,3.787105051735001,0.4384730402269447,0.7511260969104526,0.2084241570335685,-0.31699903675161983,-0.08915370306094646,Administrative services managers
7,2.8629464181222137,-1.7679746539214043,0.1835415749590028,-0.3220881791626762,-0.015527851197720733,-0.015000725459773614,Facilities managers
8,-3.574726692770711,0.859368460697353,0.24058486081871414,-0.3793316858258524,-0.3333403212879979,0.033668878408071715,Computer and information systems managers
9,-4.887644533409157,-0.33231557239241855,0.047672985480847495,-0.24617385893140104,-0.24468862812736386,-0.002449880989410939,Financial managers
10,-0.9952424027792516,0.3632649133917529,0.3193791304077341,0.12055008046512965,-0.1224545148871368,-0.027006862160743952,Human resources managers
11,3.685082912496593,1.303026450101525,0.36718931270359606,-0.7082793796095443,0.347141677460502,0.005327180395031636,Training and development managers
12,-0.7591450230722392,0.9604720200153255,0.2880290483508222,-0.5010597738532383,0.11109425880021906,0.015500657058004252,Industrial production managers
13,-0.4182381620599717,0.7342334336263309,0.20603071033408998,-0.26708796120211903,-0.33811414802218587,-0.055508332524355095,Purchasing managers
14,-1.1150569493462565,-0.26399866357415436,0.05664820445218236,0.00512376338250775,0.07869329289411194,-0.018750444251386604,"Transportation, storage, and distribution managers"
15,-1.6685417956204753,-1.1323707245918302,-0.2465076962183447,-1.8221026437689762,-0.1424058704476483,0.040218497179106645,"Farmers, ranchers, and other agricultural managers"
16,-3.028341656909302,-1.379465919117524,0.18994151639502677,-0.630952706679161,0.30494648974606126,0.014874251392237076,Construction managers
17,-3.576918594058007,-0.9587861845055616,0.20292396586428316,0.0844958897695383,-0.5252823867416708,-0.06394429482764669,Education and childcare administrators
18,0.509445332809041,2.0675493543329964,1.3681776916135358,-0.5667337520299052,0.09837281497874746,0.019388082622012824,Architectural and engineering managers
19,-4.91063241798875,-0.4021127028814186,-0.01196440919677174,0.06678117321367703,0.23576116593124163,0.04544504544774125,Food service managers
20,0.6922835675105672,1.489262696060084,0.3872007666315564,0.09144048288038757,0.16406641830725127,0.028882769246798192,Lodging managers
21,-3.6051584647978796,-0.26813257969740534,0.26677375223521016,0.15378224319178527,-0.38373572246414234,-0.03188815527969421,Medical and health services managers
22,-3.1178883580428374,-0.6270242347484911,0.2959077676434599,-0.10883279671866626,-0.21768323666768427,-0.04317996831140545,"Property, real estate, and community association managers"
23,-1.825022570722802,-0.43381984018900066,0.031653739211384056,0.38705696684435176,-0.2984231024999326,-0.020074922567684488,Social and community service managers
24,-7.896573433624792,-1.4774728846285468,0.3152204884854099,-0.3059153215973733,-0.18552446007030562,-0.011699487082373368,"Managers, all other"
25,0.3543852991961711,0.26420382894797095,-0.2468095842605216,-0.10843597247618113,0.10231876798938512,-0.006220549125874294,"Wholesale and retail buyers, except farm products"
26,-0.49876355120020655,0.2958046882636935,-0.03546883088999382,-0.05278916212843682,-0.05124570329091285,-0.017887461349852255,"Purchasing agents, except wholesale, retail, and farm products"
27,-1.568557397192305,-0.32716503549609105,-0.22556872929724606,0.3226985742053568,-0.2429491184991368,-0.007286751160306305,"Claims adjusters, appraisers, examiners, and investigators"
28,-1.2325389055273817,-0.22053395047687602,-0.3649582428856801,0.16408429719977502,-0.28929645499025475,-0.01350481368205438,Compliance officers
29,1.2598178117747545,0.915394617007599,-0.26826929736164273,-0.8895022823927113,0.16614095374590002,0.02593946395209411,Cost estimators
30,-3.8725877952520764,-0.5186478445033472,0.09703491542023546,0.13951307324913217,-0.2727750806635724,-0.017702694512413204,Human resources workers
31,2.0784124871292016,1.2335052909164372,0.188394072393092,0.5671422336631623,-0.24760708959314237,-0.008165586912788828,"Compensation, benefits, and job analysis specialists"
32,0.22145207138880982,0.25520781129765896,-0.23859986237416,0.14185748043381738,-0.39976082041830696,-0.039466486861011896,Training and development specialists
33,1.1188607497669643,0.7926859702703932,0.7409982913709801,0.2203711592792005,-0.24867680080328003,-0.06638777569192644,Logisticians
34,-3.3519419172856018,0.30389204569092565,0.48432508556798,-0.31225519964208653,-0.3157192456383032,-0.03495742078723569,Project management specialists
35,-4.0115971665096914,0.2625228951973416,0.50021524955389,-0.3315988679398239,-0.40562143749288243,-0.0376679439424963,Management analysts
36,1.5634239451002698,0.7257272168487592,-0.05393939482287004,-0.22799843097240644,-0.7101924036767688,-0.11565069222650728,"Meeting, convention, and event planners"
37,3.3272221168080502,2.460973861004917,2.823507409814655,-0.6008112955175274,0.12947040880352484,-0.0672763793682457,Fundraisers
38,-1.8375207657643453,0.7264608153424663,0.06089400814290278,-0.7487649887051019,0.14952999381450702,0.04277824782516317,Market research analysts and marketing specialists
39,-3.1192729874003238,0.03563843981303755,-0.020161326833736472,0.1132717325374703,-0.36647750120096095,-0.009477940199193447,"Business operations specialists, all other"
40,-5.387565375562699,-0.15502482176196875,0.53421247090196,-0.11871389514436442,-0.2384860847078059,-0.0001547340198656575,Accountants and auditors
41,5.119856853052436,1.2877910904043044,1.857602766960254,-1.7298169186318033,0.19421120618047,0.006395455695328519,Property appraisers and assessors
42,2.022221682108689,0.9383623984674468,-1.0759034144687494,0.3149675771539489,-0.57338110640605,0.03694935335897479,Budget analysts
43,-2.0800289183485408,1.2669684162920574,0.6188933558993955,0.28206857896432347,-0.14368656569765728,0.08386401553369181,Financial and investment analysts
44,-2.4585628205498815,0.2985564446099665,0.07601865530153668,-0.4429968562161992,-0.3802877975764979,-0.043047871822584176,Personal financial advisors
45,0.6303259356729818,0.931430142599981,-0.23574679249454794,0.006990526588116023,-0.4363103790708554,-0.03920655764293965,Insurance underwriters
46,-2.039289775539773,-0.515062314728064,-0.2926204728063463,0.03185839114058469,-0.34084196126944416,-0.027168724767067387,Credit counselors and loan officers
47,3.400464677825934,1.1315274228492813,1.1497228340377026,0.22131828346317856,-0.29215006632504464,-0.09929238972385891,"Tax examiners and collectors, and revenue agents"
48,1.0926672161845308,0.7647700473403595,-0.05490466051967885,0.312423418364472,0.10867270434726532,-0.001319492561826528,Tax preparers
49,2.44295552446565,1.310548721287438,-0.36532203865292323,-0.28153998480519077,0.16103407917236487,0.012331934719057504,Other financial specialists
50,-2.768763783467045,0.7923055283972248,0.2619179536714057,0.07073445768909958,-0.1574623911630454,0.04812095287093354,Computer systems analysts
51,0.33283918695917003,1.2007497364216182,0.2355736541821692,0.017799593790059832,-0.5152201597758351,-0.06179615212904389,Information security analysts
52,-2.5882353249610754,1.3784310736819254,-0.11569634948546399,-0.5376212110759245,-0.38352428966456137,0.07520582872331304,Computer programmers
53,-6.152377337982508,0.9980723899561171,0.1459021811329718,-0.5399450964065933,-0.38833080728269526,0.2321289430575667,Software developers
54,1.4569275486370021,2.67283539809081,0.2347651673501689,0.30411270183479583,-0.6700081347677613,0.09325213632402203,Software quality assurance analysts and testers
55,2.0851878172049365,1.6063058269141561,-0.17030500141770347,-0.7363035001099554,-0.03985024233933961,-0.0006676709117749713,Web developers
56,3.0957067689688067,1.8437585867312702,0.8541675130671137,-0.5173392623180345,0.1937008598721969,-0.01830799361126854,Web and digital interface designers
57,-3.5669359236665756,0.4616195986388577,0.21146524397192248,-0.008834948992590746,-0.10737370385948908,0.04349651972321208,Computer support specialists
58,1.0468136418942116,2.39727042562729,0.38651720915340637,-0.5676233213246549,-0.18629334332902533,0.04411399731423682,Database administrators and architects
59,-0.8364079925911271,1.1704276809927066,-0.18591694102721062,-0.100767042731714,-0.44180669211958357,-0.0005876542527001688,Network and computer systems administrators
60,0.8913336279116769,2.066075147712644,-0.07268046819627515,-0.37380118104963017,-0.058661601884224965,0.06990225551151423,Computer network architects
61,-4.2939776326801224,0.28495638909669224,0.31075397053786563,0.09443145006316143,-0.16930422285418464,0.04431860137883291,"Computer occupations, all other"
62,0.13339259457085179,1.1631802645826832,0.0072055605638112735,0.26182690353367943,-0.3667457258903239,-0.002742137371563323,Operations research analysts
63,-1.2398195014725628,1.6222979006670828,0.4833129297808617,0.17473699432618395,-0.3801285525516247,0.06045324852032067,Other mathematical science occupations
64,-0.3001190799206466,1.6098777386274143,0.2303319001761903,-0.7364362621154872,-0.209964087362378,0.0034034826461474513,"Architects, except landscape and naval"
65,0.5936404671387099,1.717475612923811,0.7151842072657116,-0.0779629795170595,0.3022075882100159,0.048625962036638326,Aerospace engineers
66,2.7053807570933444,2.6212264406094623,0.4962960332847947,-1.5566791725596265,0.7324045929703829,0.15770793518228676,Chemical engineers
67,-2.1429687258604195,0.8854316139341291,0.5317502428851244,-0.3553079595369627,0.07502350976566075,0.029336871241979104,Civil engineers
68,1.2782688727255105,3.0346706171156796,0.5320681155145413,-0.26689641055040986,-0.03307953930457308,0.2233736350697457,Computer hardware engineers
69,-1.3839767303630448,1.5668890471268415,0.3986466314372073,-0.6376861635993468,0.23752526615657998,0.10705615044118905,Electrical and electronics engineers
70,-0.5179066079060054,1.7615802644496155,-0.00573962589259792,-0.7074077662402103,-0.4815296262817707,-0.007065172327586395,"Industrial engineers, including health and safety"
71,-1.815559360345756,1.0797559813360396,-0.18340401265058898,-0.7453764498125377,-0.03429322642338203,0.05866599044139825,Mechanical engineers
72,-3.5073473103829116,0.9568459128528656,0.036883748290009837,-0.6048569428890359,0.02695486493297213,0.1100261841017805,"Engineers, all other"
73,2.3901734215923294,1.739883371741509,0.8828359117703791,-0.9219905351152836,0.517489476057383,0.043486259859627514,Other drafters
74,1.7551370894402158,1.415204946440367,-0.4055164915436302,-0.013210027331577707,-0.37359249170928127,-0.018407892610461867,Electrical and electronic engineering technologists and technicians
75,-1.171863300992172,0.0872501960813379,-0.07731629116333416,-0.10203552507960026,0.05200476591290452,-0.006122561940154198,"Other engineering technologists and technicians, except drafters"
76,3.4174188081385655,0.5395493006838837,-0.2040145894592414,-0.4181272688881754,0.3747919725608344,0.0039009648272504928,Surveying and mapping technicians
77,1.5569167391792818,2.3066967714609676,0.19249981783510764,-0.09603189855277634,-1.4112712310614162,-0.18075030007911821,Biological scientists
78,0.5018868509598826,3.086022947619516,0.420147894849211,-0.14877431249567089,-0.5221014842444249,0.24643310965988388,Medical scientists
79,1.9475190381431184,2.8450428041547045,2.0209880280162924,0.017643010224379748,-0.1111195264491062,0.015875270791847588,Chemists and materials scientists
80,-2.1004169291795614,1.7653375728336411,0.40990072384737486,-0.3127077934383441,-0.31025874868803766,0.10786361520941554,"Physical scientists, all other"
81,17.69338364092111,-7.1635363760304225,11.489312884874106,1.2567944804815439,1.4215024639980687,0.12910386332987306,School psychologists
82,0.7576119719936522,0.9357171513247244,-0.41325022740966505,-0.706392987862669,-0.46963156696192593,-0.055026106933126914,Other psychologists
83,3.5811220296032684,0.8730163392566703,-1.0661793805697841,-0.8505865453718262,-0.705513689724656,-0.06419830563378981,Miscellaneous social scientists and related workers
84,-1.0121952734981778,0.9654757349700264,0.5398364400568149,-0.1282252631321685,-0.01793457133704212,-0.0023428133462517937,"Other life, physical, and social science technicians"
85,2.281044684094886,0.2895800109688813,-1.0201920498533543,0.00618534524411569,-0.5319344832206315,-0.01230701303119837,Occupational health and safety specialists and technicians
86,1.739946478894385,-0.47275689888319794,0.25316798476721136,0.7238488133554132,-0.5810044731477865,-0.026755354636727072,Substance abuse and behavioral disorder counselors
87,-1.5106071958027074,-0.7790466271787616,-0.12919365235807817,0.4380466598741767,-0.2461852067804782,-0.011228999395946586,"Educational, guidance, and career counselors and advisors"
88,0.08827776912214001,-0.4905467014051874,-0.20199616726145952,0.28397694921837546,-0.625352869684612,-0.05557187205875551,Mental health counselors
89,-0.8332216055297633,-0.0664207676229403,0.18073132613758558,0.786862296865084,-0.5496649380826019,0.01171756813377375,"Counselors, all other"
90,3.4402400930185038,-0.5582408783694729,-0.4592524668948434,0.9403594395290311,-0.3297400265250596,0.05594843178640678,"Child, family, and school social workers"
91,2.6853669933250797,-0.3222850816420149,-0.21080090265204282,0.7289116237431796,-0.7281003684651924,-0.010725110092154443,Healthcare social workers
92,-3.4040216639375713,-0.8300771755864176,-0.052565449191314575,0.714448844272761,-0.38382909798106474,0.03541575466432734,"Social workers, all other"
93,2.3284380117783527,-0.3383805065500159,-0.4028041579402958,0.3178786195019773,-0.47016223692360065,-0.03624404375209793,Probation officers and correctional treatment specialists
94,-0.377885258282332,0.28799746989374514,-0.1788539764082986,0.25164102282629963,-0.23860737181238972,-0.013584801126115128,Social and human service assistants
95,0.744481418697047,0.5311409964179212,-0.660446573248767,0.7259516075632229,-0.2969598548125845,0.07458441397384202,Other community and social service specialists
96,-1.4608605957759528,0.12200752928144233,0.33778874572085577,-0.2753857186979296,-0.40013203122697055,-0.07349043290542691,Clergy
97,3.8890891995360293,0.9034676950001355,0.4434265152723413,-1.077313609059635,0.32724038771354486,0.0213537754419289,"Directors, religious activities and education"
98,2.403244933623136,2.0358913481810426,0.9583685329209006,-0.5078089222303939,-0.9253324293660335,-0.19683314998091214,"Religious workers, all other"
99,-3.558192353543825,-0.3296129739902549,0.40128147142514636,-0.7093701446359049,-0.3592169702052811,-0.06005341575438211,Lawyers
100,2.25262924115831,0.32725326431168206,-0.22532177943859866,0.5273688426768905,-0.644193450613717,-0.038987901354086814,"Judges, magistrates, and other judicial workers"
101,-2.3508772332090726,-0.4258463184776486,-0.4259767112562535,0.04696579089322423,0.20036217762046352,0.016894023223112193,Paralegals and legal assistants
102,1.5921661624944587,1.380301169366633,0.3028190399329748,-0.22851523884893157,-0.67829243958964,-0.11960960906317651,"Title examiners, abstractors, and searchers"
103,1.7668844433937207,0.922989781468177,-0.443810727401684,0.1533613145951201,-0.5205214670877626,-0.040222982232360725,"Legal support workers, all other"
104,-4.516165465631244,0.29875341056283156,0.3487292909047811,-0.3619231078979694,-0.4229241050850524,-0.015639176283899665,Postsecondary teachers
105,-2.621711725138975,-0.672391207969124,0.24055739896176706,0.09533857677876627,-0.16999880142233909,-0.035850284602022886,Preschool and kindergarten teachers
106,-6.40496503841124,-1.685791883288121,0.269471216814145,-0.2121067554231551,-0.34502001733020776,-0.04520776437571755,Elementary and middle school teachers
107,-3.329136215787318,-0.6538361376772586,0.13407854004659028,-0.48721341587466654,-0.3828375043553928,-0.05813982564073993,Secondary school teachers
108,-0.8814620437512098,-0.216720356404983,0.15381543679438928,-0.27377134320640195,-0.6971631850030567,-0.11344300351210305,Special education teachers
109,-0.1954098204303244,1.5674958521842894,0.07281613959441735,-0.4100152972081917,0.17810116306503251,0.0731023901256585,Tutors
110,-3.1976002851926766,-0.6402011659850264,0.08505020682338969,0.07282426396360485,-0.3832085435645675,-0.04287204659613,Other teachers and instructors
111,4.074480147267919,0.8594651328351203,-0.20043232798343585,-1.5434554844090098,0.4896317813722466,0.0890012110689866,"Archivists, curators, and museum technicians"
112,1.1595337410728588,0.8540982555955531,0.07827030098998901,-0.5734766039991296,-0.9783464508559544,-0.17342359404008098,Librarians and media collections specialists
113,-5.0672819817340455,-0.7574762268799827,-0.09150266292431575,0.06081752387380938,0.0062758893047015546,0.01921186894113813,Teaching assistants
114,0.9643242488885372,0.6199706060961458,0.5937688808800198,0.02888778472203193,-0.10492553356551063,-0.05481012141276276,Other educational instruction and library workers
115,-0.7260665756812607,0.13396978695038694,-0.20096439809401648,-0.6797465132654388,0.20108781859978,0.02132275793114219,Artists and related workers
116,2.8105026270044378,0.4102194547519732,-0.9284168390876263,0.21464506291592372,0.5097526954552092,0.0028353745210850725,Floral designers
117,-0.6732465556150258,0.40556760785167517,0.06922567410742053,-0.4736110712799876,-0.03733637559260931,-0.01704116054283436,Graphic designers
118,1.8092733488791855,1.75708527634492,0.35144212930318014,-1.1538288775722478,-0.4222774325346683,-0.07734206281221467,Interior designers
119,-1.715475481132304,1.0811444166270876,-0.11105319674062936,-1.016952292469813,-0.15260523842428386,0.028933627986532165,Other designers
120,0.5100672412465501,0.6319860388160465,0.4883600989116946,-0.35563406883112675,0.04798311912445916,-0.03110159644685632,Producers and directors
121,0.04619530021972199,0.18769945927675458,0.8694026078139833,0.060107839187922674,-0.07392716172230668,-0.058370409029938744,Coaches and scouts
122,3.150305585884518,1.0485048616961268,-0.5447519223514737,0.2624082006875164,-1.2318534280714264,-0.1251296692841383,Music directors and composers
123,0.9868239218579746,0.04590382245384518,-0.5458263335585727,0.11795531562735781,-0.44672769553030933,-0.03263451753837974,Musicians and singers
124,2.1907965143848678,1.8989109342818913,0.1839225128702762,-0.08777905360496452,-1.2400054804375031,-0.19172821661668138,"News analysts, reporters, and journalists"
125,1.1574772497517103,0.6671658691170097,0.03426280522864862,-0.16622635258642318,-0.050518056515152156,-0.031039955039552477,Public relations specialists
126,2.1947144061290853,1.5300673641378018,-0.03574710866223017,-1.031121239439838,-0.834060553788553,-0.14637025347845042,Editors
127,2.4664736360037245,1.7077384208017647,-0.4586091226672119,-1.1248244663547176,0.23145435606288778,0.06138077399815807,Technical writers
128,-0.2667587596342019,0.6444061926415916,0.35092970434664866,-0.17199612213751445,-1.137610520790798,-0.1897585516628447,Writers and authors
129,0.6282838022040014,1.300521155669335,-0.6031819723243533,0.08333835939976021,1.0910910437445394,0.037222994527522354,Interpreters and translators
130,4.476908663805485,-0.39233748092269444,2.2373582314265983,0.26441815924205486,-0.14501836090192474,-0.08883327434409104,"Broadcast, sound, and lighting technicians"
131,-0.184255223645191,0.3524645037396324,-0.5403989094584646,-0.43167524233079896,0.11471592992192398,0.02349876852550986,Photographers
132,1.2700274578811155,0.8157281187938379,0.17031591926826867,0.07302259657084355,-0.002795587934468239,-0.0268802044840383,"Television, video, and film camera operators and editors"
133,3.2508584707215,2.3207709229200604,0.4469118959379912,-1.0904206057298809,0.25598671846682713,0.03638119096261134,Chiropractors
134,-0.014714069975637574,2.0712326256865206,-0.0019749816861352808,-0.7407267134755772,-0.26087486207102045,0.053364061768460175,Dentists
135,1.9178298688925217,0.5881266136364293,1.4606052243784327,0.3664508619541217,0.1315806942190644,-0.055465407688193004,Dietitians and nutritionists
136,-1.8320910355996387,1.5144512197069215,0.4322404763942264,-0.27329696521663893,-0.4620640921261717,0.015481443410682803,Pharmacists
137,-4.313390510076557,0.9373183269702584,0.16253576847816834,-0.30591325090210153,-0.5780099112702967,0.05198159006718837,Other physicians
138,3.7973824389978015,2.0253941077692934,1.6272770787412127,-0.5019150745825941,0.2589893817269289,-0.033209998951910256,Surgeons
139,-0.09874868465220227,1.096497099839587,-0.31510898247943187,-0.2585374486386476,-0.28541675667171545,-0.003702683535826153,Physician assistants
140,1.5689505521246156,1.6866739661631878,0.6672396152693101,-0.8720938627965183,-0.4850380309535567,-0.10393437132928737,Occupational therapists
141,-0.5561460659752568,1.596978601611442,0.956075491177005,-0.5695775057415231,-0.3439226527220255,-0.05057992126459383,Physical therapists
142,0.9010652628568534,1.5062384467447831,0.6094158982103076,0.3743065874182313,-0.567830692591938,-0.05107973557433779,Respiratory therapists
143,1.9602587172987214,0.22361201990449867,1.0786005279969448,-0.8089723764765219,-0.40808027783045175,-0.10699050986474913,Speech-language pathologists
144,-0.42251927027034114,0.5477919300389591,0.7929517448628328,0.23710391068555478,-0.3165031489997144,-0.06299504069174673,"Therapists, all other"
145,40.107450959968325,12.921121213081097,-3.3287299298107857,2.1326711795068487,1.0852738197029324,-0.08052035189319467,0
146,-7.006548339534144,-0.9742398437569034,0.23060765614066794,0.02290629796461307,-0.5679806523902687,-0.030890429194961214,Registered nurses
147,-0.07589810927273473,0.4197876017827316,-0.17078842062336605,-0.5619041167322161,-0.6983277638589434,-0.10543743815180316,Nurse practitioners
148,-2.1782456123253238,0.24900359106093023,0.1747728179796111,0.45578125675579473,-0.08077213969666522,0.024273661104177995,Clinical laboratory technologists and technicians
149,0.41307498676084764,0.8906770349674002,0.4929854457735393,-0.9203503453399366,0.33124861235173797,0.02769692181749211,Dental hygienists
150,2.02329146886401,1.2238359457019785,-0.8103111968944061,0.07170036812072857,-0.2122874825842538,0.025891312653714773,Cardiovascular technologists and technicians
151,1.8776574386731408,1.8260295822649355,-0.4188794333210217,-1.0391743789176504,-0.16626060362245573,0.010812711368130726,Diagnostic medical sonographers
152,-0.019321929866484983,0.5199112151501609,0.9343212598925489,-0.06916708699297604,0.17910305149956046,-0.030858639195594045,Radiologic technologists and technicians
153,0.46828795362911046,0.3632094351862386,-0.46107982830016125,-0.14067146851293055,-0.022241049563471244,-0.0019050930884222793,Emergency medical technicians
154,3.7800553408007844,1.0400347381879977,2.1374135244217936,-0.7300494825363565,0.30547926164340483,-0.03024383823138632,Paramedics
155,-2.0099395945831904,0.19613913790250007,0.14579233979315212,0.5173531705561861,-0.02067259916281228,0.02711909964860111,Pharmacy technicians
156,2.505359043248719,-0.5316701859461003,-1.247584238549578,0.5833006542312892,-0.9245147898688586,0.06150349405062713,Psychiatric technicians
157,1.1762596162638381,0.2581528700945281,0.006243050259267526,0.4963293275509218,-0.23571293878210955,-0.02150826955609544,Surgical technologists
158,1.4284315630486222,0.13770847629226338,-0.7318637915687332,-0.931891852743353,0.36325490634062074,0.06184074623978356,Veterinary technologists and technicians
159,3.0261042518111565,0.8573795800985299,1.2398570629963304,0.8693682985038856,-0.3075936417231978,-0.0378301552818229,Dietetic technicians and ophthalmic medical technicians
160,-2.382972217206435,-1.0069565704000492,0.14693670792480307,0.7657654573360988,-0.4970474165602123,0.01457798071979733,Licensed practical and licensed vocational nurses
161,-0.46029280923250004,0.5292037005363969,-0.1258191867195971,0.10511218831464963,-0.5032193521554911,-0.04539451242910715,Medical records specialists
162,3.0965228301509113,0.7532407319125984,-0.5280815531485673,-0.1910278405472267,0.7630375120447495,0.0033629981144613374,"Opticians, dispensing"
163,-0.551133527550056,0.8056403552289942,0.20988866243662335,0.6614195305838999,-0.07112914743632995,0.0474727205891837,Miscellaneous health technologists and technicians
164,1.9968820723614178,0.8903809029768802,0.12104771710374039,-0.4325060644393017,-0.5409688705330302,-0.1054089436876216,Other healthcare practitioners and technical occupations
165,-3.406355402091176,-0.3040621097659768,0.33102780128500525,1.155529966326988,0.14640897071904277,0.11223605870476926,Home health aides
166,-5.637464846223611,-0.9593583734744482,-0.13829644415156836,0.7672600357226498,-0.056175866839301924,0.08643787088460794,Personal care aides
167,-4.85313126949443,-1.196518613829518,0.11207411272303325,0.9518577875700955,-0.5034792834647857,0.0863580559714342,Nursing assistants
168,2.739804478294444,0.3106373307003375,-0.3486687312431337,1.0055112795713812,-0.3446557153684597,0.07130392816571747,Orderlies and psychiatric aides
169,2.1759631397385344,1.0123132318008903,-0.5174634043978603,-0.2222350626774902,-0.4373085704438678,-0.048921837782431164,Physical therapist assistants and aides
170,-0.6133886397609322,0.8518856634234089,-0.9327508226081587,0.0075474962731497675,-0.24825821402998022,0.07461233781893496,Massage therapists
171,-1.869560395538765,0.16124683233282294,-0.44121498559690553,-0.19301474255760792,0.8229472617382526,0.03543609677682448,Dental assistants
172,-2.8499504691207926,-0.6499145132082755,0.4305396309934689,0.6389190347684609,0.4825139342114481,-0.02390889123231091,Medical assistants
173,2.6536503013080663,0.5431547159887488,-0.5452410856827566,-0.8136117159581865,0.2741317817244347,0.03423985517311667,Veterinary assistants and laboratory animal caretakers
174,0.6239561839688794,0.3186092916882161,-0.19368050223354577,0.7704619992094391,0.20614711640538536,0.023199044237093503,Phlebotomists
175,-0.020669533666766368,-0.11744305417677631,-0.2875704131590655,0.7929492587115992,-0.2809553256598907,0.04283958273746123,Other healthcare support workers
176,2.85873843583953,-0.6318200208514704,-0.2973423483274216,0.03276290335136369,-0.6623383914839603,-0.07745204442243336,First-line supervisors of police and detectives
177,1.9082944565999844,0.44195404256468057,-0.3510866911038869,0.6474461597170774,-0.30839053047126885,0.01251730313509638,First-line supervisors of security workers
178,-0.684860606085339,-0.3784557159811825,-0.2757315850096437,-0.27491185238928406,-0.2672585313915519,-0.036756588632735517,Firefighters
179,-0.9604197065163863,-0.833235091358247,-0.10311568824102023,0.7317540986240177,-0.48078900687932963,0.015002947471044522,Correctional officers and jailers
180,1.5282668839065328,0.6109617983635505,1.5119310994402388,0.6035845206164064,-0.10151667964401179,-0.05741367492145037,Detectives and criminal investigators
181,-2.7002683957083464,-1.4974727935184116,-0.06579212897414587,-0.03335087158800963,-0.17216697000096154,-0.028861256771210066,Police officers
182,1.7523870254340823,-0.1157440255142641,-0.48188355986704895,0.28457417119124445,-0.14383379145781008,-0.012909029138832009,Private detectives and investigators
183,-3.9814465195528492,-1.267539196270629,-0.2624286029288645,0.9736859858367539,-0.36988973450252294,0.10621885216214504,Security guards and gambling surveillance officers
184,3.2876557156764545,1.0939031474952854,0.1990513588154053,0.5880391723213223,-0.8779219213375774,-0.08538322003783327,Crossing guards and flaggers
185,1.3612627255729044,0.5167315963272715,-1.1513419316164102,-0.988686340135583,-0.09754130094794032,0.050313305035550336,Other protective service workers
186,-2.763564598987039,0.8026631187722473,0.43531305498767736,0.5291375258254022,0.4477197928257275,0.1208026146616364,Chefs and head cooks
187,-2.5567729260005714,-0.7340343118749603,-0.12224873766547266,0.5612158266269321,0.01953544410651386,0.011995611265627731,First-line supervisors of food preparation and serving workers
188,-6.14800031737656,-1.4958914607667002,-0.2575516575989435,0.47651369155763046,0.5652617548043805,-0.019085263461850435,Cooks
189,-4.250181889633629,-0.9895101319062746,-0.4496565295232844,0.30974895728716423,0.41094613789554885,0.011296655002838236,Food preparation workers
190,-1.1830014210290443,-0.8658876862256779,-0.8608124234251286,-0.6863951526098606,0.387934232314383,0.05935738454837731,Bartenders
191,-3.90676233967748,-0.8128400317697789,-0.44177942616078764,0.18457960840766202,0.23042921105615524,0.02445812964711305,Fast food and counter workers
192,-5.65144610023261,-1.1108296912926476,-0.44303100327034084,-0.13076834290371686,0.4198611239566922,0.03893316220244659,Waiters and waitresses
193,-0.35119160717307313,0.07493100612135398,-0.4951086072893659,0.6085055964970122,-0.23713586856134175,0.04042290226976302,"Food servers, nonrestaurant"
194,-1.0102062883607228,-0.3958142333976746,-0.4146289256279854,0.38977028792520435,0.5725224399156247,-0.02602504699598415,Dining room and cafeteria attendants and bartender helpers
195,-0.9625912738811763,-0.8574666453345982,-0.7895507895075322,0.5390645954987107,0.4420307082377805,-0.01148673431370796,Dishwashers
196,-1.5053826399991106,-0.09066657569159822,-0.7189928278216661,-0.05290539958407041,0.3205651734861914,0.03982363784838635,"Hosts and hostesses, restaurant, lounge, and coffee shop"
197,-1.328757617470957,-0.5481602123570805,0.33635879978042127,0.3671304994540846,0.6006108055118398,-0.042542785687251714,First-line supervisors of housekeeping and janitorial workers
198,0.3633369377678236,-1.149561600386926,-0.3102824362099844,-0.3073191092775305,0.6099035402058363,-0.00024372372996670378,"First-line supervisors of landscaping, lawn service, and groundskeeping workers"
199,-6.024816716519226,-1.9548062338388448,-0.12580181252090963,0.5314514539324363,0.3524735779109876,-0.01627342908529266,Janitors and building cleaners
200,-5.233486210545522,-1.4101527451693272,-0.23005860715170473,0.587602986405978,0.9161855697591331,-0.1236050660538801,Maids and housekeeping cleaners
201,1.150435336761625,-0.10432675749946137,-0.6272458757623238,-0.05464158598668136,0.1735917039606227,0.004297634450905709,Pest control workers
202,-4.105410476914843,-2.006992027688704,-0.24479593798532936,0.13082875955322887,1.0248361001752975,-0.13017619286091084,Landscaping and groundskeeping workers
203,2.254288617932069,-0.3466207403101944,-0.19174023663393577,-0.09420882097218387,0.271631875843454,-0.015674135762392,Tree trimmers and pruners
204,-1.407751977502905,0.7192599297982193,-0.19076904558506055,0.3259990748427711,-0.37232778000112987,0.028850894896113057,Supervisors of personal care and service workers
205,12.71835150201335,-9.761564297799367,-0.8639743959932147,-0.6304847611016554,-1.6149234254103444,0.03349174626359167,Animal trainers
206,-0.7636056766830838,0.18653784084300642,-0.4804668019828214,-0.7380361203702909,0.1815358992371591,0.03702226472357825,Animal caretakers
207,1.277596273099595,2.4473605100998266,-0.515390169849809,0.07477376274977764,0.03709417628029178,0.22519661181260728,Gambling services workers
208,-0.22362381950238855,0.06020111550966683,-0.6241096311285371,-0.11537627780324725,-0.1410773024430246,0.0010858859490200325,Other entertainment attendants and related workers
209,0.7902303442991353,0.2475609248197263,-0.23920399025628444,0.947132933188466,0.6806892929173493,-0.046819800753840575,Barbers
210,-3.2874756802470597,-0.40052929021887473,0.5068254163933711,0.21352881677620364,0.15132709916155676,-0.009158946670360891,"Hairdressers, hairstylists, and cosmetologists"
211,-1.5356042794864977,2.9641447577705273,-0.12326984236109842,0.08515256244245686,0.5005511551379528,1.0466880164249972,Manicurists and pedicurists
212,1.0300644920503335,1.0825271339177178,-1.026762123088243,-0.20846489316361957,-0.04198199015342215,0.06592920598983719,Skincare specialists
213,0.7801335310502975,0.9310474877159572,-1.0272905970895359,0.47889835026515454,0.05464894499411398,0.11066724117952467,"Baggage porters, bellhops, and concierges"
214,-4.165926664985011,-1.1129532494660475,-0.05479893777128079,0.27890990506372215,0.2762970218108223,-0.0041887011309886596,Childcare workers
215,-0.39211022536909956,-0.41212190883575833,-0.4938910453464418,0.044374613027316295,-0.028869600045127917,-0.004285020983831316,Exercise trainers and group fitness instructors
216,0.997542202518147,-0.1864602823359404,-0.14650767080293225,0.3622686063388574,-0.4550811970675238,-0.041894805824898414,Recreation workers
217,1.4844408628142796,0.1399304348251196,-0.11656635599094298,0.34079100435076753,0.15920919657483704,-0.018649602956275234,"Personal care and service workers, all other"
218,-6.863607534272054,-1.3712725941543549,-0.0046380933742463555,-0.12011771810367813,-0.05398915257483254,0.00807120946616077,First-line supervisors of retail sales workers
219,-4.3322726972285155,-0.6539920201472762,-0.0109706738346516,-0.4214248517000193,-0.05486215498924219,-0.0021128189004205934,First-line supervisors of non-retail sales workers
220,-6.877943349058068,-1.4726211679413164,-0.14413191184425886,0.40038168914917266,0.10920747476267993,0.03368518504548976,Cashiers
221,1.4775160885501175,0.8567559332948836,-0.20160550730051913,0.2595536520138013,0.6409026996340675,-0.0045267633675613326,Counter and rental clerks
222,2.362299344463401,-0.7763253703915435,0.08244374612356038,-0.33849022676993945,0.25008362255131905,-0.008519108846737117,Parts salespersons
223,-6.599479318693905,-1.6554786207848735,0.03147405160626267,0.14510410057531362,0.12946297935432766,0.0032377747037077285,Retail salespersons
224,2.2344176336245916,0.8611589650586413,1.5818801198889192,0.17388285090198213,0.37692401266381115,-0.040997700728778654,Advertising sales agents
225,-2.6732628233336277,-0.6004301414497204,0.27357524609582395,0.09121896070102666,0.061442221757060156,-0.0205145044090097,Insurance sales agents
226,-0.7246668208046048,1.2051179457985397,0.4914429300722017,-0.3545075336951381,0.046838084720939505,0.014278072155210854,"Securities, commodities, and financial services sales agents"
227,3.28472198932134,1.4187547288747617,0.47226134084721527,-0.2899710412918292,0.12794751754722813,-0.03208258359728183,Travel agents
228,-2.4262060415796842,-0.17262227030460817,0.09357052736142063,-0.4388045288740073,-0.028634372287084195,-0.012720294927560579,"Sales representatives of services, except advertising, insurance, financial services, and travel"
229,-3.8859023169193008,-0.9465405181298531,0.2711411578272964,-0.5279874710656481,0.0029079225705343453,-0.014593871778450883,"Sales representatives, wholesale and manufacturing"
230,-4.083921968896491,-0.7848017971168074,0.29626332814549233,-0.2823386293879508,-0.08689875310818318,-0.02541069257674508,Real estate brokers and sales agents
231,1.9515025397567227,0.4577787509432841,0.3214209414287668,-0.31553547180667263,0.5474927309051257,-0.0006529247465276154,"Door-to-door sales workers, news and street vendors, and related workers"
232,-2.044368570135847,-0.24767319972696142,-0.18472066312827148,0.048293476642338504,-0.15476480472124593,-0.012123665079518427,"Sales and related workers, all other"
233,-4.380669622651827,-1.1143602833709034,0.051234041209271386,0.01103950238818787,-0.16641456701060345,-0.021919587638302394,First-line supervisors of office and administrative support workers
234,1.6189178974646976,0.1148543083359941,0.05365798064421698,0.6502295193135158,-0.12835834509975472,-0.009642832622465429,Bill and account collectors
235,-2.234253764931607,-0.621111085354887,0.30284709008278266,0.4162771438932699,-0.020264987586013253,-0.01805113897790977,Billing and posting clerks
236,-4.037284562226084,-0.5662964009786484,0.2015444565750378,-0.4472398067282889,0.08235669426543146,0.0018762467630907605,"Bookkeeping, accounting, and auditing clerks"
237,-0.32932046669717957,0.3601222292581764,-0.9083459036320144,0.27116037191219505,-0.008951485762497683,0.06407360238093918,Payroll and timekeeping clerks
238,-0.495980727851103,-0.30360611998616177,-0.20314878408931358,0.4131353368528626,0.08313830144720995,-0.004763938276217734,Tellers
239,1.1619208960039844,1.2368299893800068,-0.6166512400497963,-0.12497391467131769,-0.29658110246693203,0.005694392488527045,"Financial clerks, all other"
240,2.8829146980743463,-0.43202431444476175,-0.2560895499567398,0.22972328154299965,-0.23046479249244592,-0.03512628778339449,"Court, municipal, and license clerks"
241,-6.577927163552246,-1.5851527564408419,-0.011525525447927693,0.43566860105422794,-0.059979683076364906,0.02010445781893761,Customer service representatives
242,1.8815400810166687,0.8225029765696056,-0.7388128840965026,0.788850915264317,-0.16576972193414613,0.08633951465778468,"Eligibility interviewers, government programs"
243,0.08585882443759314,0.050856174913873245,-0.449778842024282,0.23774087293095464,-0.04174902495615613,0.0020306834121947177,File Clerks
244,0.14735169630672387,0.46044921237549885,-0.935286428330437,0.42058319406670236,0.1981956024287037,0.07034601384345816,"Hotel, motel, and resort desk clerks"
245,-0.18203528132786914,-0.9767822433052106,-0.7391831591496065,0.6397222935726016,-0.2992670864662476,0.045752793406426975,"Interviewers, except eligibility and loan"
246,2.4023441026754537,0.8885542642184308,0.14631887499901675,-0.42804120324461775,-0.26571730041416136,-0.06835607600090868,"Library assistants, clerical"
247,0.8288252271678096,-0.13673230629883681,0.22206459462616335,0.5738576868673794,-0.13050392442570952,-0.022052833204823475,Loan interviewers and clerks
248,0.44557618403744736,1.0274362919601345,-0.70322922606618,0.0021134689519701592,0.02025231891755456,0.055020301780906944,Order clerks
249,-4.73213923444607,-1.237725041414982,-0.13111919726361787,0.2906964731873302,0.08058992835413402,0.0057086168503825176,Receptionists and information clerks
250,0.8331611096452654,0.9355258560171748,-0.6807287905321161,0.34538368140119713,-0.10237098023577312,0.05177809530695938,Reservation and transportation ticket agents and travel clerks
251,1.0792977124972871,0.7919140136118614,0.08614778115758037,0.3060626532862021,-0.07160861141345887,-0.016633073643374727,"Information and record clerks, all other"
252,-3.7343571044600203,-1.4927534053825087,-0.36815224190785634,0.502949615229121,0.020988323798445046,0.014204418712827946,Couriers and messengers
253,2.317012950862061,1.1014706460957522,1.2217704633228204,0.4188759758257876,-0.2924032084029507,-0.08147566482284536,Public safety telecommunicators
254,0.13994279767896678,-0.40613088083284676,0.07408274021213898,0.3097165474779978,0.554597304785179,-0.04001142612351744,"Dispatchers, except police, fire, and ambulance"
255,1.072631871824891,1.4907186601984543,0.6928617373566185,1.2112515906780819,-1.0292853667262036,0.09990601563177572,Postal service clerks
256,-0.9322011906699751,0.1957636572748505,0.5337616186113037,0.5817772721285849,-0.45461907491946163,-0.03169417153154024,Postal service mail carriers
257,1.3536888048236297,1.7109140096660846,0.5332242037723195,1.381106500047409,-0.7706426670179651,0.223622252130416,"Postal service mail sorters, processors, and processing machine operators"
258,-0.7753983791822331,0.8321025171006844,-0.18366301042720803,-0.18370018754330908,0.10692277330722992,0.03329447194751299,"Production, planning, and expediting clerks"
259,-3.2718612298065666,-0.8582059857073021,-0.2125435262956828,0.4613400718555246,0.38769563008592467,-0.005370572136652274,"Shipping, receiving, and inventory clerks"
260,0.10856694079652555,0.11788669124247284,0.12287027598399293,-0.4887294672646917,0.13420092441855908,-0.010582791142366642,Executive secretaries and executive administrative assistants
261,2.856249049448204,0.31882576848955885,-0.4593349786957548,0.27199662359946697,-0.03426923602868918,-0.014452356229306728,Medical secretaries and administrative assistants
262,-5.3540430667246275,-1.5325161708790684,0.09247535413884139,-0.18371411950633246,-0.10847141659310972,-0.020230443486621223,"Secretaries and administrative assistants, except legal, medical, and executive"
263,-0.8621148323662888,0.3074855533561107,-0.019079790425762928,0.35278851895648383,0.1406417732742305,0.01063347883290024,Data entry keyers
264,-0.5715877145469668,-0.929312239576886,-0.05315578541186744,0.7633008367905946,-0.17034217308231836,0.015221778910988755,Insurance claims and policy processing clerks
265,2.283781656767408,1.4265770848575088,0.18655623689305462,1.0606560801016016,-0.12487153047293978,0.09514573937774146,"Mail clerks and mail machine operators, except postal service"
266,-4.889288933896453,-0.889703767185554,0.0810080094289119,0.25238166898738223,0.07478454328981757,0.009647772005076872,"Office clerks, general"
267,-3.1422451760514964,-0.6299052377912344,0.02026554804492432,0.3516724004086911,-0.20146776608556818,-0.0067896969864222586,"Office and administrative support workers, all other"
268,1.9127181824995902,1.22862110051971,-1.0905314665429284,0.6088198930997116,1.5352607989661742,-0.2686594295335469,"Graders and sorters, agricultural products"
269,-3.075386918238897,-1.4838232122817514,-0.5619580545869046,-0.5836719264240707,1.3645844105796032,-0.05807932189362697,Miscellaneous agricultural workers
270,13.65737848763727,-9.192232725002524,-0.16747756138625614,-1.8736283467610162,0.1146473044496235,0.2914636839675693,Logging workers
271,-1.8715262708576486,-1.6964066522287191,0.08494056435144767,-0.3828892959471116,0.5493662041057824,0.0038551532327572983,First-line supervisors of construction trades and extraction workers
272,10.807368252654754,-11.44425699443311,-1.8555085079877962,-0.045087573578883315,-0.019690687061527396,-0.019531020157787453,"Brickmasons, blockmasons, and stonemasons"
273,-3.9600241717704527,-1.991407925018434,-0.3431262533899589,-0.26940331042867677,0.9576923614588609,-0.045938482946552055,Carpenters
274,2.185881191429662,-2.2792881213577014,-0.7357925090855452,-0.17800367997104308,1.0828894607528237,-0.10557472821499068,"Carpet, floor, and tile installers and finishers"
275,4.598494420650948,-2.2777058602585734,-0.9174567491236976,-0.11747728449059619,1.161429243385223,-0.1470282839084295,"Cement masons, concrete finishers, and terrazzo workers"
276,-5.701934829025704,-2.0962330472673596,-0.2950839429942789,0.03010198673551645,1.11326539857857,-0.1332529550969912,Construction laborers
277,0.885644297316062,-3.128059883738303,-0.17013260983901674,-0.2504682499039335,0.16917120096386548,0.008950988288153612,Construction equipment operators
278,1.595217482966838,-1.1913235104529825,-1.1549874928040975,-0.3595806854348968,1.9555955959209832,-0.40418288213223724,"Drywall installers, ceiling tile installers, and tapers"
279,-3.074395008068382,-1.1208921822761184,0.2504365328721234,-0.30822622308057734,0.5471681366450226,0.0014412684911710783,Electricians
280,12.101610001677056,-10.39608187903849,-1.1028671156651022,0.0018977729992188156,-0.4124924379992414,0.0822521991852179,Glaziers
281,-1.7328747130213191,-1.8598004498343605,-0.2772552121603481,0.07726062847721968,1.4235874797600045,-0.25777743774881934,Painters and paperhangers
282,-2.1216326801002863,-1.4697180305227056,-0.29957929818667667,-0.29293037397234084,0.5175310970439049,0.0031326869776324364,"Plumbers, pipefitters, and steamfitters"
283,0.19177325643984322,-1.2981864941555639,-0.7926248774958354,0.1698593906547569,1.458509162857374,-0.308568693885367,Roofers
284,2.054349695803952,-0.7833877282774172,-0.6791726180901126,-0.6955436041707873,0.4262321033034511,0.0449378520785792,Sheet metal workers
285,3.1350692729910503,-1.063090731949045,-0.7820360192760896,0.18136785565435698,0.8670972424833511,-0.093079481624997,"Helpers, construction trades"
286,1.9930887894710285,0.7523619460139485,0.5042180794340103,-0.26272151945000244,0.1170455591791058,-0.0347441631170419,Construction and building inspectors
287,2.5909500311901477,-0.8299989536827612,-0.2917736965857735,-0.05929156800284796,0.03529720243821082,-0.01949071365412844,Highway maintenance workers
288,4.077900808539274,-1.1437697469857637,-0.29588731102738886,0.4888210373657876,0.3664062493503422,-0.039844426477699556,Other extraction workers
289,0.8914704115069231,-1.139110212397243,-0.4882189719932451,-0.6292471991536116,-0.10251320528022005,-0.0006909358102771007,"First-line supervisors of mechanics, installers, and repairers"
290,-0.5233878200928038,0.6819911533814721,-0.31969819474206435,0.17311584494736282,0.0712907447698785,0.033524481473830185,"Computer, automated teller, and office machine repairers"
291,0.31529783866995176,0.2220992273172742,-0.40966111547026973,-0.041412782524333044,0.007235702365781806,-0.0038268632043975763,Radio and telecommunications equipment installers and repairers
292,2.7235085189352035,0.5272205553202345,-0.805961236776053,-1.0503747756207233,1.2735623890005974,0.08530909185893662,Security and fire alarm systems installers
293,1.2738969624410614,0.7868048474172882,1.1139584540238678,-0.3371617131920859,0.513947348157957,-0.003231925583447808,Aircraft mechanics and service technicians
294,1.64465782792607,-0.13556994723511603,-0.0007334493056058184,-0.33752093582229414,0.8772041972839261,-0.004967607099578681,Automotive body and related repairers
295,-3.773360149490593,-0.903856392387945,-0.14643475366332026,-0.1363852540037637,0.6440528762653001,0.00239953368650868,Automotive service technicians and mechanics
296,-1.413036563644943,-0.49424140077131173,-0.33662296887246207,-0.33844541420168883,0.3170740318162561,0.014579979665622578,Bus and truck mechanics and diesel engine specialists
297,-0.18967865920057655,-0.3607370500711934,-0.2724000982250162,-0.5398058791974827,0.43709330803347646,0.023866052412877748,Heavy vehicle and mobile equipment service technicians and mechanics
298,2.8984492111672706,-0.005191231507126152,0.5932830421112733,0.032655410323679364,0.3844135809037711,-0.03271046770452294,"Miscellaneous vehicle and mobile equipment mechanics, installers, and repairers"
299,-2.0493520233457265,-0.7279509477497499,-0.03340586823260596,0.12232167736258848,0.42972450443160437,-0.01592762392655433,"Heating, air conditioning, and refrigeration mechanics and installers"
300,-1.6051061114111225,-0.4131089041200489,0.14065040121925776,-0.40139027048836984,0.47673541404377884,0.011749547486321302,Industrial and refractory machinery mechanics
301,-2.5605635406797322,-1.0958655342683106,-0.20315242480445617,-0.15818648585157039,0.2872782898237989,-0.00134914505009512,"Maintenance and repair workers, general"
302,2.2760651253643602,-0.9442337381001829,-0.36788482480864987,-0.30108716048984185,-0.2572107396519675,-0.03233580068719495,Electrical power-line installers and repairers
303,0.8621064243534119,-0.5174001460737659,-0.3455259067871072,0.43993820210684437,0.7298344132293343,-0.07589865981088134,Telecommunications line installers and repairers
304,1.5459648826733676,1.3297773719660653,-0.2196623893544246,0.5415720105044968,0.17538212820949445,0.051693358402966336,Precision instrument and equipment repairers
305,0.7834219644408071,-0.797384145372073,-0.15791272997231007,-0.15342790001650738,0.6000066477217583,-0.014971687926836091,"Other installation, maintenance, and repair workers"
306,-3.2280365724393327,-1.04336300539289,0.07449076543363839,0.1313669347348269,0.022066776670620663,-0.017828147972430406,First-line supervisors of production and operating workers
307,0.3243794317520406,1.5076906532195382,-0.42216572495692506,0.02995357796761335,0.1664126358845977,0.09604071011783849,"Electrical, electronics, and electromechanical assemblers"
308,-4.480121331666086,-0.6846145554892252,0.07648427258395112,0.5308052966085075,0.12484092931908734,0.03005170437852864,Other assemblers and fabricators
309,-0.618099362400198,-0.3763073934183985,-0.2506161545618002,0.20849489053056317,0.6784970930309303,-0.036023359789996844,Bakers
310,-1.1199488299909677,-0.35460429201352944,-0.3080459174701322,0.558260961383075,0.7514076610648814,-0.06447201451433156,"Butchers and other meat, poultry, and fish processing workers"
311,1.8477768643699348,0.011072163215301791,-0.25660161942371384,0.06789230421446572,0.6462355506136431,-0.02781408173648255,Food batchmakers
312,0.06970034026306761,0.1965591619402332,-0.2060322907502378,0.5848472140455121,0.6198127747312763,-0.02771713068199384,"Food processing workers, all other"
313,1.9523558114294823,0.9126514989914856,-0.5090677610868768,-0.48401675525259147,-0.46605572266004014,-0.058693164280439275,Computer numerically controlled tool operators and programmers
314,11.793496645108888,-10.537971435903854,-1.3500076416259583,-0.4556860530739658,-1.1531843018682209,0.11684110749745534,"Cutting, punching, and press machine setters, operators, and tenders, metal and plastic"
315,-0.8916751641609123,-0.21594290646160572,0.079379616527981,-0.46020050807701196,0.41695327195628157,0.012972088134827156,Machinists
316,-2.2550437756810062,-1.0586435962296432,0.023349713577410083,-0.02418613336093069,0.34551188117696535,-0.014450271002658006,"Welding, soldering, and brazing workers"
317,-1.8613753866983764,-0.23093954610139236,-0.02683229667089882,0.47824182015079947,0.42540266038226404,-0.004310860777913914,Other metal workers and plastic workers
318,0.1506508451126577,0.35398833445946043,-0.278973884458476,0.3462551279231856,0.24852064598198945,0.00902154607282862,Printing press operators
319,0.2895163121524921,0.6403707068699991,0.036105851001345016,1.0642656918964613,0.460969115764446,0.04582463795599329,Laundry and dry-cleaning workers
320,0.9730513236703414,0.19422164213570584,-0.33726471049578344,-0.0054039691941012696,1.2727704269398215,-0.1046091354068173,Sewing machine operators
321,1.5121119006780352,2.2655057465833544,-0.446310033424109,0.23464138039985052,0.4071180916296905,0.20517482223760755,"Tailors, dressmakers, and sewers"
322,12.454829097542289,-10.16707132328862,-0.313699474530745,-0.7373643423153582,-0.31005155313213545,0.15389384213282184,Cabinetmakers and bench carpenters
323,1.7853721887764895,1.8005712471696733,-0.06742254899929508,0.10880003611414793,0.11335534237735193,0.047031430955993485,Stationary engineers and boiler operators
324,1.9784135757350358,0.4448381499277156,-0.46634145032306673,-0.4629204948714647,-0.3393588777559158,-0.04675602236077566,Water and wastewater treatment plant and system operators
325,3.1238185038492734,0.06385635181213473,0.10912195508959965,-0.0700304961219564,0.05883858569512834,-0.03700694764655062,"Chemical processing machine setters, operators, and tenders"
326,2.199466752313415,0.03836914671399425,-0.2857202230190258,0.49599591287495354,0.05319904532633562,-0.011017021246159503,"Crushing, grinding, polishing, mixing, and blending workers"
327,3.353994526987373,-0.4498825991552336,-0.3516751453748078,0.8790497078272048,0.13069680438148293,0.007400194634245722,Cutting workers
328,-3.851506802439216,-0.4720965804691556,0.28642671908139306,0.1593812776541033,0.34613433401719274,0.007176913598326317,"Inspectors, testers, sorters, samplers, and weighers"
329,2.274170016418594,2.294764477371146,-1.259626724984362,-1.0456007250144768,0.7198658326967645,0.24505660790538786,Jewelers and precious stone and metal workers
330,1.5227665833083996,1.7205590205175207,-0.1790179554776608,-0.09202928717598513,0.47815019674211756,0.07480462799229103,Dental and ophthalmic laboratory technicians and medical appliance technicians
331,-1.4902142318433904,-0.05661087951473935,-0.09880414636068141,0.9207720448924092,0.8043323310765472,-0.06286050794368235,Packaging and filling machine operators and tenders
332,0.3700507924269064,-0.12255602512531136,-1.0661138801601335,-0.4821125092083893,0.8750225334078059,0.04380072595271271,Painting workers
333,2.4765205294608927,1.4173797037584466,0.32151605155496255,0.5215674419696964,0.6531106055038907,-0.0029883883301145167,Helpers--production workers
334,-4.78741319177542,-1.0497117214602067,0.13216649086773477,0.4614662355934084,0.345683663242594,-0.0010048167144638615,Other production workers
335,-1.8759166501825344,-0.47844010389425246,-0.3966059556906075,0.2675817409060545,0.12505635677113527,0.009826025907846722,Supervisors of transportation and material moving workers
336,1.930005480048407,0.23009633231683763,0.3432489582583501,-0.9409684108381564,-0.3229248648746131,-0.0687763670656553,Aircraft pilots and flight engineers
337,0.9938281928657301,0.9818425948852884,-0.10366797160601365,0.4012815493991292,-0.5436152299371542,-0.02797427954544967,Flight attendants
338,-0.4581706778168672,-0.1843576112875187,0.8213447894889017,0.6518255155385326,-0.5491489476480267,-0.0537562287265502,"Bus drivers, school"
339,-0.5314680991172395,-0.694964708848129,-0.05617453046405851,1.0231899799262831,-0.5539166876659569,0.07654577414948417,"Bus drivers, transit and intercity"
340,-7.106306983171444,-2.0909834954327393,0.1720411311140827,0.485413717410033,0.09139125231445284,0.0009634325297981816,Driver/sales workers and truck drivers
341,2.397017951636388,0.9892381432203311,0.12565884117786727,0.8013393266061649,0.06589736251495772,0.019190161356576755,Shuttle drivers and chauffeurs
342,-2.4483587685410475,0.49688548776277114,0.29151820705539905,1.0189720735095555,0.3887297738890536,0.12175693823618694,Taxi drivers
343,-0.25582716691552715,0.6032736992917274,0.37244896829025387,0.8205001199881792,0.1963612294950757,0.03752262498327706,"Motor vehicle operators, all other"
344,1.525729341035854,0.721949810815146,-0.08426786316332913,1.1612005122601459,0.5192137863467329,0.02707646490831886,Parking attendants
345,1.5588374053621146,-0.1495427937329627,-0.9781336927205487,0.34760553110849735,-0.06643363253807273,0.032941136305411824,Transportation service attendants
346,4.088135599670937,-0.27766108792348126,-0.024058906614885484,0.31565776485796654,-0.7955919516863399,-0.09283652423869103,Crane and tower operators
347,-2.6866677682290554,-1.876828934174638,-0.19021754952022857,0.8538423870589065,0.26608647683818576,-0.010874196521804767,Industrial truck and tractor operators
348,-1.2412731673801671,-0.9086221515275202,-0.16600777335140035,0.7139702048453502,0.3095826325136918,-0.014400028512389985,Cleaners of vehicles and equipment
349,-6.080032712012495,-1.9333280080465614,-0.17456211970202812,0.5336365967921586,0.04118936387063682,0.016009361621059072,"Laborers and freight, stock, and material movers, hand"
350,-4.132745593373945,-0.6218547312911465,-0.14075413458259878,0.7353125103566899,0.6390346621535071,-0.00994700716299015,"Packers and packagers, hand"
351,-5.499805401496451,-1.669208243050996,-0.2471178913222909,0.546658915441183,-0.13031215985085096,0.028920161803477965,Stockers and order fillers
352,11.22083486830907,-11.12386305116114,-0.8437795793153583,0.35567814790983,-0.7846398744095054,0.1054191648438479,Refuse and recyclable material collectors
353,3.0065860421707553,-0.6772503626997212,-0.7236357933778369,0.2831780823555185,0.2580337437926218,-0.010034784359927287,Other material moving workers
