,Occupation,"Total
employed",Women,White,"Black or
African
American",Asian,"Hispanic
or Latino","Total
employed1",Other,NH,Hispanic_raw,Asian_raw,White_raw,Other_raw,NH_raw,Black_raw
0,Chief executives,"1,664",29.1,85.7,5.9,6.8,7.4,100,1.5999999999999943,92.6,123136.0,113151.99999999999,1426048.0000000002,26623.999999999905,1540864.0,98176.0
1,General and operations managers,"1,085",36.4,82.7,9.3,4.6,10.3,100,3.4000000000000057,89.7,111755.0,49910.0,897295.0,36890.000000000065,973245.0,100905.0
2,Advertising and promotions managers,72,42.4,78.7,12.1,5.2,6.2,100,4.0,93.8,4464.000000000001,3744.0000000000005,56664.00000000001,2880.0,67535.99999999999,8711.999999999998
3,Marketing managers,576,61.4,83.5,6.2,7.3,8.3,100,3.0,91.7,47808.0,42048.0,480960.0,17280.0,528192.0000000001,35712.00000000001
4,Sales managers,537,30.6,86.4,5.9,5.0,10.6,100,2.6999999999999886,89.4,56922.0,26850.0,463968.0,14498.99999999994,480078.0,31683.0
5,Public relations and fundraising managers,100,68.0,89.3,3.5,4.4,7.2,100,2.799999999999997,92.8,7200.0,4400.000000000001,89300.0,2799.9999999999973,92800.0,3500.0
6,Administrative services managers,60,79.0,84.0,13.3,1.5,9.9,100,1.2000000000000028,90.1,5940.0,900.0,50400.0,720.0000000000017,54060.0,7980.0
7,Facilities managers,146,21.3,90.5,7.4,0.2,14.5,100,1.8999999999999915,85.5,21170.0,292.00000000000006,132130.0,2773.9999999999873,124830.0,10804.0
8,Computer and information systems managers,715,26.7,72.4,7.2,17.8,7.3,100,2.5999999999999943,92.7,52195.0,127270.0,517660.00000000006,18589.999999999956,662805.0,51480.0
9,Financial managers,"1,307",54.6,78.5,9.0,9.0,10.4,100,3.5,89.6,135928.00000000003,117630.0,1025995.0,45745.0,1171072.0,117630.0
10,Human resources managers,273,80.8,78.9,12.3,6.4,12.5,100,2.3999999999999915,87.5,34125.0,17472.0,215397.0,6551.999999999976,238875.0,33579.0
11,Training and development managers,55,59.9,90.9,4.1,3.4,12.0,100,1.5999999999999943,88.0,6600.0,1870.0,49995.0,879.9999999999969,48400.0,2254.9999999999995
12,Industrial production managers,256,24.1,82.8,5.7,9.3,10.9,100,2.200000000000003,89.1,27904.0,23808.0,211968.0,5632.000000000007,228096.0,14592.0
13,Purchasing managers,232,45.9,82.3,8.5,6.7,8.2,100,2.5,91.8,19023.999999999996,15544.0,190936.0,5800.0,212976.0,19720.0
14,"Transportation, storage, and distribution managers",314,22.4,82.5,10.7,3.7,16.3,100,3.0999999999999943,83.7,51182.0,11618.0,259050.0,9733.999999999982,262818.0,33597.99999999999
15,"Farmers, ranchers, and other agricultural managers",875,26.3,94.8,1.5,0.9,6.0,100,2.799999999999997,94.0,52500.0,7875.0,829500.0,24499.999999999978,822500.0,13125.0
16,Construction managers,999,8.6,90.8,5.1,1.7,16.3,100,2.4000000000000057,83.7,162837.0,16983.0,907092.0,23976.000000000055,836163.0,50949.0
17,Education and childcare administrators,956,65.5,79.8,14.0,3.3,9.7,100,2.9000000000000057,90.3,92731.99999999999,31547.999999999996,762888.0,27724.000000000055,863268.0,133840.0
18,Architectural and engineering managers,178,11.5,79.9,4.5,15.0,7.2,100,0.5999999999999943,92.8,12816.000000000002,26700.0,142222.0,1067.9999999999898,165183.99999999997,8010.0
19,Food service managers,"1,133",48.5,74.7,11.0,10.4,19.5,100,3.8999999999999915,80.5,220935.0,117832.0,846351.0,44186.999999999905,912065.0,124630.0
20,Lodging managers,116,47.6,75.1,10.3,12.5,14.1,100,2.1000000000000085,85.9,16356.0,14500.0,87115.99999999999,2436.00000000001,99644.00000000001,11948.000000000002
21,Medical and health services managers,791,75.0,76.1,14.1,7.0,10.5,100,2.8000000000000114,89.5,83055.0,55370.0,601951.0,22148.000000000087,707945.0,111531.0
22,"Property, real estate, and community association managers",780,50.7,83.2,10.3,4.0,11.4,100,2.5,88.6,88920.0,31200.0,648960.0,19500.0,691080.0,80340.00000000001
23,Social and community service managers,391,68.6,74.6,17.9,4.0,13.7,100,3.5,86.3,53567.0,15640.0,291686.0,13685.0,337432.99999999994,69989.0
24,"Managers, all other","5,235",36.4,82.1,8.6,6.5,11.5,100,2.8000000000000114,88.5,602025.0,340275.0,4297934.999999999,146580.00000000058,4632975.0,450210.0
25,"Wholesale and retail buyers, except farm products",159,55.1,82.3,9.4,4.2,15.9,100,4.099999999999994,84.1,25281.0,6678.000000000001,130856.99999999999,6518.999999999991,133719.0,14946.000000000002
26,"Purchasing agents, except wholesale, retail, and farm products",223,62.2,81.0,10.3,5.3,13.4,100,3.4000000000000057,86.6,29882.000000000004,11818.999999999998,180630.0,7582.000000000013,193118.0,22969.0
27,"Claims adjusters, appraisers, examiners, and investigators",330,58.2,74.4,16.7,4.3,14.6,100,4.599999999999994,85.4,48180.0,14190.0,245520.00000000003,15179.999999999982,281820.00000000006,55110.0
28,Compliance officers,291,53.2,76.2,14.4,4.2,13.2,100,5.199999999999989,86.8,38412.0,12222.0,221742.0,15131.999999999967,252588.0,41904.00000000001
29,Cost estimators,127,15.5,87.9,3.8,4.8,10.8,100,3.5,89.2,13716.000000000002,6096.0,111633.00000000001,4445.0,113284.0,4825.999999999999
30,Human resources workers,871,75.2,76.6,13.8,6.2,12.4,100,3.4000000000000057,87.6,108004.0,54002.0,667185.9999999999,29614.00000000005,762995.9999999999,120198.00000000001
31,"Compensation, benefits, and job analysis specialists",67,71.2,70.6,19.6,7.1,12.7,100,2.700000000000017,87.3,8509.0,4757.0,47302.0,1809.0000000000114,58490.99999999999,13132.0
32,Training and development specialists,166,52.9,77.4,14.1,4.2,10.9,100,4.299999999999997,89.1,18094.0,6972.0,128484.00000000001,7137.999999999995,147905.99999999997,23406.0
33,Logisticians,132,39.3,80.3,13.4,4.9,10.2,100,1.3999999999999915,89.8,13463.999999999998,6468.000000000001,105996.0,1847.9999999999886,118536.0,17688.0
34,Project management specialists,769,42.9,80.4,8.0,9.6,8.0,100,2.0,92.0,61520.0,73824.0,618276.0000000001,15380.0,707480.0,61520.0
35,Management analysts,"1,001",45.5,79.2,8.0,10.8,7.2,100,2.0,92.8,72072.0,108108.00000000001,792792.0,20020.0,928928.0,80080.0
36,"Meeting, convention, and event planners",116,82.1,83.4,9.9,3.6,6.1,100,3.0999999999999943,93.9,7075.999999999999,4176.0,96744.00000000001,3595.9999999999936,108924.00000000001,11484.0
37,Fundraisers,93,73.3,89.0,3.7,7.2,5.2,100,0.09999999999999432,94.8,4836.0,6696.0,82770.0,92.99999999999471,88164.0,3441.0
38,Market research analysts and marketing specialists,400,63.6,83.1,4.4,9.7,10.7,100,2.799999999999997,89.3,42800.0,38799.99999999999,332400.0,11199.999999999989,357200.0,17600.000000000004
39,"Business operations specialists, all other",584,59.2,74.1,13.5,8.6,10.7,100,3.8000000000000114,89.3,62487.99999999999,50224.0,432743.99999999994,22192.000000000065,521512.0,78840.0
40,Accountants and auditors,"1,630",62.0,76.3,9.8,11.8,9.8,100,2.1000000000000085,90.2,159740.00000000003,192340.0,1243690.0,34230.00000000014,1470260.0,159740.00000000003
41,Property appraisers and assessors,80,30.4,97.7,1.1,1.0,4.3,100,0.20000000000000284,95.7,3440.0,800.0,78160.0,160.00000000000227,76560.0,880.0
42,Budget analysts,61,55.6,66.0,17.7,5.7,10.7,100,10.599999999999994,89.3,6526.999999999999,3477.0,40260.0,6465.999999999996,54473.0,10797.0
43,Financial and investment analysts,343,40.2,64.4,13.1,20.7,10.7,100,1.7999999999999972,89.3,36701.0,71000.99999999999,220892.0,6173.999999999991,306298.99999999994,44933.0
44,Personal financial advisors,535,33.8,82.2,7.3,7.5,7.7,100,3.0,92.3,41195.0,40125.0,439770.0,16050.0,493805.0,39055.0
45,Insurance underwriters,128,61.4,76.8,12.0,7.0,9.1,100,4.200000000000003,90.9,11648.0,8960.0,98304.0,5376.000000000004,116352.0,15360.0
46,Credit counselors and loan officers,440,52.2,78.7,12.8,3.7,12.0,100,4.799999999999997,88.0,52800.0,16280.0,346280.0,21119.999999999985,387200.0,56320.0
47,"Tax examiners and collectors, and revenue agents",63,54.8,83.2,12.8,3.2,8.7,100,0.7999999999999972,91.3,5480.999999999999,2016.0000000000002,52416.0,503.9999999999982,57519.0,8064.000000000001
48,Tax preparers,101,54.2,76.1,14.2,6.2,17.7,100,3.5,82.3,17876.999999999996,6262.0,76860.99999999999,3535.0,83122.99999999999,14341.999999999998
49,Other financial specialists,61,65.2,81.9,7.4,6.4,14.2,100,4.299999999999983,85.8,8661.999999999998,3904.0000000000005,49959.00000000001,2622.9999999999895,52338.0,4514.000000000001
50,Computer systems analysts,464,37.5,70.0,11.3,16.0,11.0,100,2.700000000000003,89.0,51040.0,74240.0,324800.0,12528.000000000015,412960.0,52432.00000000001
51,Information security analysts,152,18.2,76.7,11.8,9.0,7.4,100,2.5,92.6,11248.0,13680.0,116584.0,3800.0,140751.99999999997,17936.000000000004
52,Computer programmers,444,19.5,68.4,6.0,22.0,6.4,100,3.5999999999999943,93.6,28416.000000000004,97680.0,303696.00000000006,15983.999999999975,415583.99999999994,26640.0
53,Software developers,"1,932",19.7,54.7,5.4,37.1,5.8,100,2.799999999999983,94.2,112056.0,716772.0,1056804.0000000002,54095.999999999665,1819944.0,104328.00000000001
54,Software quality assurance analysts and testers,74,46.5,55.9,14.1,27.6,5.7,100,2.4000000000000057,94.3,4218.0,20424.0,41365.99999999999,1776.000000000004,69782.0,10433.999999999998
55,Web developers,81,38.7,84.7,4.6,7.5,8.6,100,3.200000000000003,91.4,6966.0,6075.0,68607.0,2592.000000000002,74034.00000000001,3725.9999999999995
56,Web and digital interface designers,64,51.1,87.4,5.0,6.6,9.6,100,1.0,90.4,6144.0,4224.0,55936.0,640.0,57856.0,3200.0
57,Computer support specialists,660,23.8,72.1,10.5,14.5,11.7,100,2.9000000000000057,88.3,77219.99999999999,95700.0,475859.99999999994,19140.000000000036,582780.0,69300.0
58,Database administrators and architects,111,35.0,73.1,5.1,20.0,6.3,100,1.8000000000000114,93.7,6993.0,22200.0,81140.99999999999,1998.0000000000125,104007.0,5660.999999999999
59,Network and computer systems administrators,212,17.2,72.6,10.4,12.9,8.1,100,4.099999999999994,91.9,17171.999999999996,27348.0,153911.99999999997,8691.999999999989,194828.00000000003,22048.0
60,Computer network architects,102,11.8,72.0,6.5,18.3,9.1,100,3.200000000000003,90.9,9281.999999999998,18666.000000000004,73440.0,3264.0000000000027,92718.00000000001,6630.0
61,"Computer occupations, all other",889,27.2,70.4,11.9,15.0,11.5,100,2.6999999999999886,88.5,102235.0,133350.0,625856.0000000001,24002.999999999898,786765.0,105791.0
62,Operations research analysts,141,51.0,71.0,14.9,10.7,10.1,100,3.3999999999999915,89.9,14241.0,15086.999999999998,100110.0,4793.999999999988,126759.00000000001,21009.0
63,Other mathematical science occupations,245,49.2,64.1,12.3,21.6,7.9,100,2.000000000000014,92.1,19355.0,52920.0,157044.99999999997,4900.000000000035,225645.0,30135.0
64,"Architects, except landscape and naval",212,31.6,79.9,4.6,13.3,6.5,100,2.200000000000003,93.5,13780.0,28196.000000000004,169388.00000000003,4664.0000000000055,198220.0,9751.999999999998
65,Aerospace engineers,129,14.3,76.0,7.9,14.7,13.5,100,1.3999999999999915,86.5,17415.0,18963.0,98040.0,1805.9999999999889,111585.0,10191.0
66,Chemical engineers,75,12.8,84.5,1.3,13.0,9.3,100,1.2000000000000028,90.7,6975.0,9750.0,63375.0,900.0000000000022,68025.0,975.0
67,Civil engineers,431,17.4,78.8,6.6,12.8,10.7,100,1.8000000000000114,89.3,46117.0,55168.0,339627.99999999994,7758.00000000005,384882.99999999994,28446.0
68,Computer hardware engineers,88,13.4,56.2,5.9,36.4,7.2,100,1.5,92.8,6336.0,32032.0,49456.0,1320.0,81664.0,5192.000000000001
69,Electrical and electronics engineers,299,7.1,74.6,4.4,19.1,10.2,100,1.9000000000000057,89.8,30497.999999999996,57109.00000000001,223053.99999999997,5681.000000000017,268502.0,13156.000000000002
70,"Industrial engineers, including health and safety",216,26.0,75.8,5.1,16.2,5.1,100,2.9000000000000057,94.9,11016.0,34992.0,163728.0,6264.000000000013,204984.0,11016.0
71,Mechanical engineers,354,9.4,78.0,4.6,13.7,8.9,100,3.700000000000003,91.1,31506.0,48498.0,276120.0,13098.000000000011,322493.99999999994,16283.999999999998
72,"Engineers, all other",666,16.3,71.9,5.1,19.9,9.6,100,3.0999999999999943,90.4,63935.99999999999,132534.0,478854.0,20645.999999999964,602064.0,33966.0
73,Other drafters,93,24.3,89.5,2.9,6.7,10.8,100,0.8999999999999915,89.2,10044.000000000002,6231.0,83235.0,836.9999999999922,82956.0,2697.0
74,Electrical and electronic engineering technologists and technicians,74,10.9,75.2,11.4,8.5,9.4,100,4.8999999999999915,90.6,6956.0,6290.0,55648.0,3625.9999999999936,67044.0,8436.0
75,"Other engineering technologists and technicians, except drafters",293,21.3,81.5,9.6,5.3,14.9,100,3.6000000000000085,85.1,43657.0,15528.999999999998,238795.0,10548.000000000025,249343.0,28127.999999999996
76,Surveying and mapping technicians,57,12.6,88.7,6.0,2.1,17.3,100,3.200000000000003,82.7,9861.0,1197.0,50559.00000000001,1824.0000000000014,47139.00000000001,3420.0
77,Biological scientists,94,48.1,71.1,12.1,14.4,2.4,100,2.4000000000000057,97.6,2256.0,13536.000000000002,66834.0,2256.0000000000055,91744.0,11373.999999999998
78,Medical scientists,121,49.6,48.0,7.2,43.1,4.5,100,1.7000000000000028,95.5,5445.0,52151.0,58080.0,2057.000000000003,115555.0,8712.0
79,Chemists and materials scientists,94,32.1,70.2,8.0,21.5,6.1,100,0.29999999999999716,93.9,5734.0,20210.0,65988.0,281.9999999999973,88266.0,7520.0
80,"Physical scientists, all other",370,41.2,63.8,6.9,27.3,6.5,100,2.0,93.5,24050.0,101010.0,236060.0,7400.0,345950.0,25530.0
81,School psychologists,58,90.4,92.4,7.6,0.0,19.4,100,0.0,80.6,11251.999999999998,0.0,53592.00000000001,0.0,46747.99999999999,4407.999999999999
82,Other psychologists,149,74.9,84.6,5.6,5.4,6.4,100,4.400000000000006,93.6,9536.0,8046.0,126054.0,6556.000000000008,139464.0,8344.0
83,Miscellaneous social scientists and related workers,54,53.5,84.8,5.2,2.2,5.4,100,7.799999999999997,94.6,2916.0,1188.0000000000002,45792.0,4211.999999999998,51084.0,2808.0
84,"Other life, physical, and social science technicians",269,47.3,78.9,8.7,10.6,10.9,100,1.7999999999999972,89.1,29321.0,28514.0,212241.00000000003,4841.999999999993,239678.99999999997,23402.999999999996
85,Occupational health and safety specialists and technicians,72,30.9,75.3,13.0,2.5,10.4,100,9.200000000000003,89.6,7488.000000000001,1800.0,54215.99999999999,6624.000000000003,64512.0,9360.0
86,Substance abuse and behavioral disorder counselors,121,69.1,70.4,25.9,1.3,11.6,100,2.4000000000000057,88.4,14036.0,1573.0,85184.00000000001,2904.0000000000064,106964.00000000001,31338.999999999996
87,"Educational, guidance, and career counselors and advisors",362,76.5,74.3,18.9,2.7,15.8,100,4.099999999999994,84.2,57196.0,9774.000000000002,268966.0,14841.999999999978,304804.0,68417.99999999999
88,Mental health counselors,212,75.6,76.3,17.6,2.0,10.0,100,4.099999999999994,90.0,21200.0,4240.0,161755.99999999997,8691.999999999989,190800.0,37312.00000000001
89,"Counselors, all other",250,67.1,65.0,27.6,4.4,11.8,100,3.0,88.2,29500.0,11000.0,162500.0,7500.0,220500.0,69000.0
90,"Child, family, and school social workers",54,86.8,63.4,30.7,0.9,18.7,100,5.0,81.3,10098.0,486.0,34236.0,2700.0,43902.0,16578.0
91,Healthcare social workers,77,73.4,67.4,27.5,1.2,10.8,100,3.8999999999999915,89.2,8316.0,923.9999999999999,51898.0,3002.999999999993,68684.00000000001,21175.0
92,"Social workers, all other",681,83.6,65.4,25.8,4.6,15.2,100,4.200000000000003,84.8,103511.99999999999,31326.0,445374.0,28602.00000000002,577487.9999999999,175698.0
93,Probation officers and correctional treatment specialists,88,50.5,76.6,17.4,1.3,12.2,100,4.700000000000017,87.8,10736.0,1144.0,67407.99999999999,4136.0000000000155,77264.0,15311.999999999998
94,Social and human service assistants,194,81.2,75.2,15.1,5.5,13.2,100,4.200000000000003,86.8,25607.999999999996,10670.0,145888.00000000003,8148.000000000005,168392.0,29294.0
95,Other community and social service specialists,100,82.5,61.8,24.8,6.1,16.2,100,7.300000000000011,83.8,16200.0,6100.0,61800.0,7300.000000000012,83800.0,24800.0
96,Clergy,404,16.2,84.4,8.7,4.7,8.0,100,2.1999999999999886,92.0,32320.0,18988.000000000004,340976.00000000006,8887.999999999955,371680.0,35147.99999999999
97,"Directors, religious activities and education",67,53.7,94.2,2.7,1.8,10.0,100,1.2999999999999972,90.0,6700.0,1206.0000000000002,63114.00000000001,870.9999999999981,60300.0,1809.0
98,"Religious workers, all other",96,70.9,85.2,6.6,7.3,2.9,100,0.9000000000000057,97.1,2784.0,7008.0,81792.00000000001,864.0000000000056,93215.99999999999,6335.999999999999
99,Lawyers,"1,085",37.9,87.9,5.4,4.7,6.9,100,1.9999999999999858,93.1,74865.0,50995.0,953715.0,21699.999999999847,1010135.0,58590.0
100,"Judges, magistrates, and other judicial workers",77,58.0,71.3,22.0,2.6,10.1,100,4.1000000000000085,89.9,7776.999999999999,2002.0000000000002,54900.99999999999,3157.000000000007,69223.0,16940.0
101,Paralegals and legal assistants,431,84.8,78.1,11.2,5.1,20.6,100,5.6000000000000085,79.4,88786.0,21981.0,336611.0,24136.000000000036,342214.0,48272.0
102,"Title examiners, abstractors, and searchers",107,72.1,82.1,9.3,6.5,5.4,100,2.1000000000000085,94.6,5778.000000000001,6955.0,87846.99999999999,2247.000000000009,101221.99999999999,9951.0
103,"Legal support workers, all other",80,61.9,75.0,14.5,5.3,9.4,100,5.200000000000003,90.6,7520.0,4240.0,60000.0,4160.000000000003,72480.0,11600.0
104,Postsecondary teachers,"1,154",51.2,76.7,7.8,13.1,7.1,100,2.4000000000000057,92.9,81934.0,151174.0,885118.0,27696.000000000065,1072066.0,90011.99999999999
105,Preschool and kindergarten teachers,613,96.8,81.0,12.7,3.6,13.4,100,2.700000000000003,86.6,82142.00000000001,22068.0,496530.0,16551.000000000015,530857.9999999999,77850.99999999999
106,Elementary and middle school teachers,"3,260",79.2,83.8,10.0,3.4,10.7,100,2.799999999999997,89.3,348820.0,110840.0,2731880.0,91279.99999999991,2911180.0,326000.0
107,Secondary school teachers,940,59.5,86.4,7.2,3.6,8.3,100,2.799999999999997,91.7,78020.00000000001,33840.0,812160.0,26319.99999999997,861980.0,67680.0
108,Special education teachers,362,82.8,85.1,9.6,2.7,6.4,100,2.6000000000000085,93.6,23168.0,9774.000000000002,308061.99999999994,9412.000000000031,338832.0,34752.0
109,Tutors,168,70.5,75.6,6.0,15.6,11.7,100,2.8000000000000114,88.3,19656.0,26207.999999999996,127008.0,4704.000000000019,148344.0,10080.0
110,Other teachers and instructors,737,65.3,79.1,13.3,4.3,11.0,100,3.3000000000000114,89.0,81070.0,31691.0,582967.0,24321.000000000084,655930.0,98021.0
111,"Archivists, curators, and museum technicians",62,61.4,94.4,1.6,1.6,10.6,100,2.4000000000000057,89.4,6571.999999999999,992.0,58528.0,1488.0000000000034,55428.0,992.0
112,Librarians and media collections specialists,158,79.9,86.7,7.1,3.7,3.7,100,2.5,96.3,5846.0,5846.0,136986.0,3950.0,152154.0,11218.0
113,Teaching assistants,"1,309",81.0,76.3,12.0,7.4,16.6,100,4.299999999999997,83.4,217294.0,96866.0,998767.0,56286.99999999996,1091706.0,157080.0
114,Other educational instruction and library workers,145,78.9,83.4,10.7,4.3,11.3,100,1.5999999999999943,88.7,16385.0,6235.0,120930.0,2319.999999999992,128615.0,15515.0
115,Artists and related workers,286,54.2,87.3,4.9,4.2,13.3,100,3.5999999999999943,86.7,38038.0,12012.0,249678.0,10295.999999999984,247962.0,14014.0
116,Floral designers,50,76.8,77.0,11.8,3.1,29.7,100,8.100000000000009,70.3,14850.0,1550.0,38500.0,4050.0000000000045,35150.0,5900.0
117,Graphic designers,271,59.9,85.5,6.4,5.3,10.7,100,2.799999999999997,89.3,28997.0,14363.0,231705.0,7587.999999999993,242003.0,17344.0
118,Interior designers,123,83.8,88.8,3.0,6.6,4.1,100,1.6000000000000085,95.9,5042.999999999999,8118.0,109224.0,1968.0000000000105,117957.0,3690.0
119,Other designers,389,41.5,81.7,3.5,11.6,6.8,100,3.200000000000003,93.2,26452.0,45124.0,317813.00000000006,12448.000000000011,362548.0,13615.0
120,Producers and directors,182,39.6,86.9,6.8,4.6,11.1,100,1.7000000000000028,88.9,20202.0,8371.999999999998,158158.00000000003,3094.0000000000055,161798.00000000003,12376.0
121,Coaches and scouts,235,44.3,84.4,10.9,3.5,11.7,100,1.1999999999999886,88.3,27495.0,8225.0,198340.0,2819.999999999973,207505.0,25615.0
122,Music directors and composers,52,29.8,71.8,19.2,3.5,4.8,100,5.5,95.2,2496.0,1820.0,37336.0,2860.0,49504.00000000001,9984.0
123,Musicians and singers,127,24.0,77.2,14.2,2.8,11.2,100,5.799999999999997,88.8,14223.999999999998,3555.9999999999995,98044.0,7365.999999999996,112776.0,18033.999999999996
124,"News analysts, reporters, and journalists",79,55.3,76.9,12.2,8.5,3.1,100,2.3999999999999915,96.9,2449.0,6715.0,60751.0,1895.9999999999934,76551.0,9638.0
125,Public relations specialists,122,59.1,83.7,8.9,4.5,12.1,100,2.8999999999999915,87.9,14762.0,5490.0,102114.0,3537.9999999999895,107238.00000000001,10858.0
126,Editors,105,66.7,88.7,4.0,4.8,3.2,100,2.5,96.8,3360.0,5040.0,93135.0,2625.0,101640.0,4200.0
127,Technical writers,71,54.4,86.0,2.8,7.2,9.7,100,4.0,90.3,6886.999999999999,5112.0,61060.0,2840.0,64113.0,1987.9999999999998
128,Writers and authors,261,63.7,81.7,11.4,4.8,3.7,100,2.0999999999999943,96.3,9657.0,12528.0,213237.0,5480.999999999986,251343.0,29754.0
129,Interpreters and translators,93,73.4,72.2,7.9,14.1,38.7,100,5.799999999999997,61.3,35991.00000000001,13113.0,67146.0,5393.999999999997,57009.0,7347.0
130,"Broadcast, sound, and lighting technicians",87,11.2,87.7,11.7,0.4,9.6,100,0.19999999999998863,90.4,8351.999999999998,348.00000000000006,76299.00000000001,173.9999999999901,78648.0,10179.0
131,Photographers,192,49.3,82.7,6.7,5.1,14.4,100,5.5,85.6,27648.0,9791.999999999998,158784.00000000003,10560.0,164351.99999999997,12864.0
132,"Television, video, and film camera operators and editors",108,25.3,80.8,11.2,5.4,13.6,100,2.5999999999999943,86.4,14688.0,5832.0,87264.0,2807.9999999999936,93312.0,12096.0
133,Chiropractors,59,24.2,87.0,2.6,9.0,7.8,100,1.4000000000000057,92.2,4602.0,5310.0,51330.0,826.0000000000033,54398.0,1534.0
134,Dentists,167,38.7,73.1,4.5,19.6,6.0,100,2.8000000000000114,94.0,10020.0,32732.000000000004,122076.99999999999,4676.000000000019,156980.0,7515.0
135,Dietitians and nutritionists,117,89.6,83.0,13.3,3.1,14.1,100,0.6000000000000085,85.9,16497.0,3627.0,97110.0,702.00000000001,100503.00000000001,15561.000000000002
136,Pharmacists,352,57.8,70.3,7.9,19.8,6.0,100,2.0,94.0,21120.0,69696.0,247456.0,7040.0,330880.0,27808.0
137,Other physicians,921,39.7,66.1,8.1,22.9,5.8,100,2.9000000000000057,94.2,53418.0,210908.99999999997,608780.9999999999,26709.00000000005,867582.0,74600.99999999999
138,Surgeons,59,27.7,89.4,4.6,5.6,8.6,100,0.4000000000000057,91.4,5074.0,3304.0,52746.0,236.00000000000335,53926.0,2714.0
139,Physician assistants,165,64.4,77.1,8.6,9.8,9.2,100,4.500000000000014,90.8,15179.999999999998,16170.000000000002,127214.99999999999,7425.000000000025,149820.0,14190.0
140,Occupational therapists,135,84.9,87.9,4.1,6.8,4.2,100,1.2000000000000028,95.8,5670.0,9180.0,118665.0,1620.000000000004,129330.0,5535.0
141,Physical therapists,273,66.9,81.0,5.4,12.6,5.3,100,1.0,94.7,14468.999999999998,34397.99999999999,221130.0,2730.0,258531.00000000003,14742.0
142,Respiratory therapists,117,71.4,71.1,16.6,10.6,7.4,100,1.700000000000017,92.6,8658.000000000002,12402.0,83186.99999999999,1989.00000000002,108341.99999999999,19422.000000000004
143,Speech-language pathologists,187,95.1,93.7,4.3,1.3,5.1,100,0.7000000000000028,94.9,9536.999999999998,2431.0,175219.0,1309.0000000000055,177463.0,8041.0
144,"Therapists, all other",242,87.1,78.7,14.0,5.9,9.7,100,1.3999999999999915,90.3,23473.999999999996,14278.000000000002,190454.0,3387.999999999979,218526.0,33880.0
145,Veterinarians,104,64.2,93.3,1.2,5.6,4.7,100,-0.09999999999999432,95.3,4888.0,5824.0,97031.99999999999,-103.99999999999409,99111.99999999999,1248.0
146,Registered nurses,"3,201",86.7,74.9,13.3,8.6,8.8,100,3.200000000000003,91.2,281688.00000000006,275286.0,2397549.0000000005,102432.00000000009,2919312.0,425733.0
147,Nurse practitioners,237,87.4,85.6,7.0,3.9,5.5,100,3.5,94.5,13035.0,9243.0,202871.99999999997,8295.0,223965.0,16590.0
148,Clinical laboratory technologists and technicians,369,68.8,70.3,17.4,9.2,15.6,100,3.0999999999999943,84.4,57564.0,33947.99999999999,259407.0,11438.999999999978,311436.00000000006,64205.99999999999
149,Dental hygienists,207,95.1,89.9,3.3,5.3,10.7,100,1.5,89.3,22148.999999999996,10971.0,186093.00000000003,3105.0,184851.0,6830.999999999999
150,Cardiovascular technologists and technicians,61,64.2,72.6,12.3,7.4,12.7,100,7.700000000000003,87.3,7746.999999999999,4514.000000000001,44285.99999999999,4697.000000000002,53253.0,7503.000000000001
151,Diagnostic medical sonographers,88,85.5,83.6,3.4,9.0,6.6,100,4.0,93.4,5808.0,7920.0,73567.99999999999,3520.0,82192.00000000001,2992.0
152,Radiologic technologists and technicians,226,72.4,85.2,8.7,5.0,13.4,100,1.0999999999999943,86.6,30284.0,11300.0,192552.0,2485.9999999999873,195716.0,19661.999999999996
153,Emergency medical technicians,145,35.8,80.8,9.5,4.5,14.3,100,5.200000000000003,85.7,20735.0,6525.0,117160.0,7540.000000000005,124265.0,13775.0
154,Paramedics,96,31.1,94.7,3.4,1.7,8.0,100,0.19999999999998863,92.0,7680.0,1632.0,90912.0,191.9999999999891,88320.0,3264.0
155,Pharmacy technicians,342,78.4,69.9,18.3,8.6,17.2,100,3.200000000000003,82.8,58824.0,29412.0,239058.00000000003,10944.00000000001,283176.0,62586.0
156,Psychiatric technicians,73,73.5,60.9,26.0,1.1,10.2,100,12.0,89.8,7445.999999999999,803.0000000000001,44457.0,8760.0,65554.0,18980.0
157,Surgical technologists,113,77.8,74.1,19.1,3.5,14.4,100,3.3000000000000114,85.6,16272.0,3955.0,83732.99999999999,3729.0000000000127,96728.0,21583.0
158,Veterinary technologists and technicians,129,89.8,88.5,3.6,2.3,15.3,100,5.6000000000000085,84.7,19737.0,2967.0,114165.0,7224.000000000012,109263.00000000001,4644.000000000001
159,Dietetic technicians and ophthalmic medical technicians,66,82.6,70.9,25.1,3.2,11.6,100,0.799999999999983,88.4,7656.0,2112.0000000000005,46794.00000000001,527.9999999999887,58344.00000000001,16566.000000000004
160,Licensed practical and licensed vocational nurses,533,91.3,66.5,27.6,2.7,13.7,100,3.1999999999999886,86.3,73020.99999999999,14391.000000000002,354445.0,17055.999999999938,459979.0,147108.00000000003
161,Medical records specialists,207,88.8,76.0,13.7,6.4,9.1,100,3.8999999999999915,90.9,18836.999999999996,13248.000000000002,157320.0,8072.999999999983,188163.00000000003,28358.999999999996
162,"Opticians, dispensing",50,74.2,84.8,6.9,3.5,28.3,100,4.799999999999997,71.7,14150.0,1750.0,42400.0,2399.9999999999986,35850.0,3450.0
163,Miscellaneous health technologists and technicians,177,64.3,65.9,20.7,10.5,16.1,100,2.8999999999999915,83.9,28497.000000000004,18585.0,116643.00000000001,5132.9999999999845,148503.00000000003,36639.0
164,Other healthcare practitioners and technical occupations,105,73.2,86.7,7.4,3.5,6.2,100,2.3999999999999915,93.8,6510.0,3675.0,91035.0,2519.999999999991,98490.0,7770.0
165,Home health aides,570,87.0,56.3,32.0,8.9,25.9,100,2.799999999999997,74.1,147630.0,50730.0,320910.0,15959.999999999984,422370.0,182400.0
166,Personal care aides,"1,411",80.4,61.6,24.9,8.5,21.5,100,5.0,78.5,303365.0,119935.0,869176.0,70550.0,1107635.0,351339.0
167,Nursing assistants,"1,248",88.9,58.3,33.2,4.8,14.8,100,3.700000000000003,85.2,184704.0,59904.0,727584.0,46176.00000000004,1063296.0,414336.00000000006
168,Orderlies and psychiatric aides,55,52.9,60.2,32.3,2.7,16.9,100,4.799999999999997,83.1,9294.999999999998,1485.0,33110.0,2639.999999999998,45705.0,17764.999999999996
169,Physical therapist assistants and aides,74,70.7,80.6,9.5,4.7,8.6,100,5.200000000000003,91.4,6364.0,3478.0,59644.0,3848.000000000002,67636.0,7030.0
170,Massage therapists,166,83.5,68.0,11.7,10.8,12.4,100,9.5,87.6,20584.0,17928.000000000004,112880.0,15770.0,145415.99999999997,19421.999999999996
171,Dental assistants,323,92.0,79.7,6.9,8.2,30.4,100,5.199999999999989,69.6,98191.99999999999,26486.0,257431.00000000003,16795.999999999964,224808.0,22287.000000000004
172,Medical assistants,561,91.1,74.7,18.0,5.0,29.8,100,2.299999999999997,70.2,167178.0,28050.0,419067.00000000006,12902.999999999984,393822.00000000006,100980.0
173,Veterinary assistants and laboratory animal caretakers,78,84.1,89.0,4.1,2.4,13.8,100,4.5,86.2,10764.0,1872.0,69420.0,3510.0,67236.0,3197.9999999999995
174,Phlebotomists,114,90.6,68.1,22.3,5.3,25.1,100,4.300000000000011,74.9,28614.0,6041.999999999999,77634.0,4902.000000000013,85386.0,25422.000000000004
175,Other healthcare support workers,164,75.7,64.7,26.6,3.8,17.0,100,4.900000000000006,83.0,27880.0,6231.999999999999,106108.00000000001,8036.000000000009,136120.0,43624.00000000001
176,First-line supervisors of police and detectives,92,15.8,82.1,13.4,0.7,8.9,100,3.799999999999997,91.1,8188.000000000001,643.9999999999999,75532.0,3495.9999999999977,83811.99999999999,12328.0
177,First-line supervisors of security workers,75,21.5,68.5,22.9,3.7,15.0,100,4.900000000000006,85.0,11250.0,2775.0,51375.0,3675.0000000000045,63750.0,17175.0
178,Firefighters,294,5.1,84.3,8.9,2.6,11.0,100,4.200000000000003,89.0,32340.0,7644.0,247842.0,12348.00000000001,261660.0,26166.0
179,Correctional officers and jailers,297,30.4,67.1,26.7,2.2,14.2,100,4.0,85.8,42174.0,6534.000000000001,199286.99999999997,11880.0,254826.0,79299.0
180,Detectives and criminal investigators,130,27.3,77.7,18.1,3.6,12.3,100,0.5999999999999943,87.7,15990.0,4680.0,101010.0,779.9999999999926,114010.0,23530.0
181,Police officers,753,15.3,83.3,11.5,1.6,14.6,100,3.6000000000000085,85.4,109938.0,12048.0,627249.0,27108.000000000065,643062.0000000001,86595.0
182,Private detectives and investigators,95,42.3,77.1,15.5,2.1,16.4,100,5.300000000000011,83.6,15579.999999999998,1995.0,73244.99999999999,5035.000000000011,79419.99999999999,14725.0
183,Security guards and gambling surveillance officers,844,26.8,57.5,33.3,3.8,18.4,100,5.400000000000006,81.6,155295.99999999997,32072.0,485300.0,45576.000000000044,688704.0,281051.99999999994
184,Crossing guards and flaggers,51,52.6,70.4,23.4,3.7,6.9,100,2.5,93.1,3519.0000000000005,1887.0000000000002,35904.0,1275.0,47480.99999999999,11933.999999999998
185,Other protective service workers,117,38.0,83.7,3.9,3.3,9.8,100,9.099999999999994,90.2,11466.000000000002,3860.9999999999995,97929.0,10646.999999999993,105534.0,4563.0
186,Chefs and head cooks,402,22.8,63.0,14.8,19.9,23.0,100,2.299999999999997,77.0,92460.0,79997.99999999999,253260.0,9245.999999999989,309540.0,59496.0
187,First-line supervisors of food preparation and serving workers,480,61.2,71.6,19.9,4.2,21.2,100,4.300000000000011,78.8,101760.0,20160.0,343680.0,20640.000000000055,378240.0,95520.0
188,Cooks,"1,905",40.2,72.9,15.8,6.0,35.9,100,5.299999999999997,64.1,683895.0,114300.0,1388745.0,100964.99999999994,1221104.9999999998,300990.0
189,Food preparation workers,872,58.3,74.2,14.0,5.6,29.3,100,6.200000000000003,70.7,255496.00000000003,48832.0,647024.0,54064.00000000003,616504.0,122080.0
190,Bartenders,362,57.4,85.8,4.9,2.0,19.9,100,7.299999999999997,80.1,72037.99999999999,7240.0,310596.0,26425.99999999999,289961.99999999994,17738.000000000004
191,Fast food and counter workers,775,65.7,75.2,13.0,5.7,23.3,100,6.099999999999994,76.7,180575.0,44175.0,582800.0,47274.999999999956,594425.0,100750.0
192,Waiters and waitresses,"1,631",68.2,78.4,8.9,6.6,24.7,100,6.099999999999994,75.3,402857.0,107645.99999999999,1278704.0000000002,99490.99999999991,1228142.9999999998,145159.00000000003
193,"Food servers, nonrestaurant",172,73.9,66.6,22.1,5.1,16.7,100,6.200000000000017,83.3,28724.0,8771.999999999998,114551.99999999999,10664.000000000027,143276.0,38012.00000000001
194,Dining room and cafeteria attendants and bartender helpers,243,46.8,76.6,14.0,4.1,33.0,100,5.300000000000011,67.0,80190.0,9963.0,186138.0,12879.000000000027,162810.0,34020.0
195,Dishwashers,243,23.5,72.0,17.3,2.7,34.6,100,8.0,65.4,84078.00000000001,6561.0,174960.0,19440.0,158922.0,42039.00000000001
196,"Hosts and hostesses, restaurant, lounge, and coffee shop",282,84.3,77.1,9.7,5.8,22.4,100,7.400000000000006,77.6,63167.99999999999,16356.0,217421.99999999997,20868.000000000015,218831.99999999997,27353.999999999996
197,First-line supervisors of housekeeping and janitorial workers,338,38.9,81.2,13.1,3.4,30.0,100,2.299999999999997,70.0,101400.0,11492.0,274456.00000000006,7773.999999999991,236600.0,44278.0
198,"First-line supervisors of landscaping, lawn service, and groundskeeping workers",233,10.3,88.6,6.6,1.0,27.0,100,3.8000000000000114,73.0,62910.0,2330.0,206438.0,8854.000000000025,170090.0,15378.0
199,Janitors and building cleaners,"2,113",39.7,73.8,18.1,3.5,31.5,100,4.599999999999994,68.5,665595.0,73955.0,1559394.0,97197.99999999988,1447405.0,382453.0
200,Maids and housekeeping cleaners,"1,357",88.7,74.9,15.2,5.2,48.2,100,4.699999999999989,51.8,654074.0,70564.00000000001,1016393.0,63778.99999999984,702925.9999999999,206263.99999999997
201,Pest control workers,119,5.0,81.5,10.0,2.5,19.5,100,6.0,80.5,23205.0,2975.0,96985.0,7140.0,95795.0,11900.0
202,Landscaping and groundskeeping workers,"1,211",6.2,84.9,9.2,1.8,47.1,100,4.099999999999994,52.9,570381.0,21798.0,1028139.0000000001,49650.999999999935,640619.0,111411.99999999999
203,Tree trimmers and pruners,98,2.2,86.3,9.0,1.3,19.9,100,3.4000000000000057,80.1,19501.999999999996,1274.0,84574.0,3332.000000000006,78497.99999999999,8820.0
204,Supervisors of personal care and service workers,250,74.6,67.8,16.4,11.3,11.2,100,4.5,88.8,28000.0,28250.0,169500.0,11250.0,222000.0,41000.0
205,Animal trainers,54,68.3,89.8,8.0,0.0,6.9,100,2.200000000000003,93.1,3726.0,0.0,48492.0,1188.0000000000016,50274.0,4320.0
206,Animal caretakers,272,81.6,85.8,4.7,4.6,13.3,100,4.900000000000006,86.7,36176.00000000001,12511.999999999998,233376.0,13328.000000000016,235824.0,12784.0
207,Gambling services workers,66,50.8,55.8,9.7,29.1,12.4,100,5.3999999999999915,87.6,8184.0,19206.000000000004,36827.99999999999,3563.999999999994,57815.99999999999,6401.999999999999
208,Other entertainment attendants and related workers,192,45.6,79.2,10.3,4.1,13.7,100,6.400000000000006,86.3,26303.999999999996,7871.999999999999,152064.00000000003,12288.000000000011,165695.99999999997,19776.000000000004
209,Barbers,103,24.7,68.0,22.5,5.2,40.5,100,4.299999999999997,59.5,41715.0,5356.0,70040.0,4428.999999999997,61285.0,23175.0
210,"Hairdressers, hairstylists, and cosmetologists",713,92.4,79.0,12.8,6.1,17.7,100,2.1000000000000085,82.3,126201.0,43493.0,563270.0,14973.00000000006,586799.0,91264.0
211,Manicurists and pedicurists,247,83.0,19.6,4.8,73.1,12.2,100,2.500000000000014,87.8,30133.999999999996,180556.99999999997,48412.00000000001,6175.000000000035,216866.0,11856.0
212,Skincare specialists,90,98.2,73.2,8.8,8.4,13.8,100,9.599999999999994,86.2,12420.0,7560.0,65880.0,8639.999999999995,77580.0,7920.000000000001
213,"Baggage porters, bellhops, and concierges",84,28.0,62.4,17.4,9.6,20.7,100,10.599999999999994,79.3,17388.0,8064.0,52415.99999999999,8903.999999999995,66612.0,14616.0
214,Childcare workers,974,94.6,77.6,14.0,4.4,24.4,100,4.0,75.6,237656.0,42856.0,755824.0,38960.0,736344.0,136360.0
215,Exercise trainers and group fitness instructors,223,62.2,79.7,11.9,2.8,16.9,100,5.599999999999994,83.1,37687.0,6244.0,177731.00000000003,12487.999999999989,185313.0,26537.000000000004
216,Recreation workers,139,68.7,76.0,18.0,2.2,11.8,100,3.799999999999997,88.2,16402.0,3058.0,105640.0,5281.999999999995,122598.00000000001,25020.0
217,"Personal care and service workers, all other",101,72.0,78.7,14.7,3.0,20.4,100,3.5999999999999943,79.6,20603.999999999996,3030.0,79487.00000000001,3635.9999999999945,80395.99999999999,14846.999999999998
218,First-line supervisors of retail sales workers,"3,058",47.0,79.5,10.3,6.2,15.1,100,4.0,84.9,461757.99999999994,189596.00000000003,2431110.0,122320.0,2596242.0,314974.0
219,First-line supervisors of non-retail sales workers,"1,184",32.9,83.8,7.2,5.5,12.2,100,3.5,87.8,144448.0,65120.0,992192.0,41440.0,1039552.0,85248.00000000001
220,Cashiers,"2,601",72.5,71.1,17.0,6.9,22.9,100,5.0,77.1,595628.9999999999,179469.0,1849310.9999999998,130050.0,2005370.9999999998,442170.0
221,Counter and rental clerks,81,49.0,78.0,11.4,6.7,28.6,100,3.8999999999999915,71.4,23166.0,5427.0,63180.0,3158.999999999993,57834.00000000001,9234.0
222,Parts salespersons,124,19.1,90.2,6.8,0.7,17.2,100,2.299999999999997,82.8,21327.999999999996,868.0,111848.00000000001,2851.9999999999964,102671.99999999999,8431.999999999998
223,Retail salespersons,"2,750",48.5,78.3,13.0,4.8,20.8,100,3.9000000000000057,79.2,572000.0,132000.0,2153250.0,107250.00000000017,2178000.0,357500.0
224,Advertising sales agents,104,49.3,86.0,9.9,3.6,15.5,100,0.5,84.5,16120.0,3744.0000000000005,89440.0,520.0,87880.0,10296.000000000002
225,Insurance sales agents,600,50.0,81.5,11.8,4.1,16.5,100,2.6000000000000085,83.5,99000.0,24600.0,489000.0,15600.00000000005,501000.0,70800.0
226,"Securities, commodities, and financial services sales agents",243,29.3,79.9,6.6,11.7,10.2,100,1.7999999999999972,89.8,24786.0,28431.0,194157.0,4373.999999999993,218213.99999999997,16038.0
227,Travel agents,56,71.4,86.8,6.9,4.7,11.5,100,1.5999999999999943,88.5,6440.0,2632.0,48608.0,895.9999999999968,49560.0,3864.0000000000005
228,"Sales representatives of services, except advertising, insurance, financial services, and travel",565,29.9,85.3,6.8,5.0,11.6,100,2.9000000000000057,88.4,65540.0,28250.0,481945.0,16385.000000000033,499460.0,38420.0
229,"Sales representatives, wholesale and manufacturing","1,216",30.1,88.1,6.2,3.3,12.0,100,2.4000000000000057,88.0,145920.0,40127.99999999999,1071295.9999999998,29184.00000000007,1070080.0,75392.0
230,Real estate brokers and sales agents,"1,170",59.7,84.8,8.3,4.4,12.1,100,2.5,87.9,141570.0,51480.0,992160.0,29250.0,1028430.0,97110.0
231,"Door-to-door sales workers, news and street vendors, and related workers",104,72.6,89.0,6.2,2.9,19.4,100,1.8999999999999915,80.6,20176.0,3015.9999999999995,92560.0,1975.9999999999914,83824.0,6448.000000000001
232,"Sales and related workers, all other",410,53.5,78.5,12.2,5.0,13.8,100,4.299999999999997,86.2,56580.0,20500.0,321850.0,17629.99999999999,353420.0,50020.0
233,First-line supervisors of office and administrative support workers,"1,217",71.3,80.6,12.0,3.9,14.0,100,3.5,86.0,170380.0,47463.0,980902.0,42595.0,1046620.0,146040.0
234,Bill and account collectors,97,72.1,72.5,21.6,2.8,17.2,100,3.0999999999999943,82.8,16683.999999999996,2715.9999999999995,70325.0,3006.9999999999945,80315.99999999999,20952.000000000004
235,Billing and posting clerks,483,86.7,76.7,16.9,3.8,17.6,100,2.5999999999999943,82.4,85008.00000000001,18353.999999999996,370461.0,12557.999999999973,397992.00000000006,81626.99999999999
236,"Bookkeeping, accounting, and auditing clerks","1,097",84.7,85.3,6.6,5.4,13.1,100,2.700000000000003,86.9,143706.99999999997,59238.0,935740.9999999999,29619.000000000033,953293.0,72402.0
237,Payroll and timekeeping clerks,153,86.7,68.9,14.8,6.9,18.7,100,9.399999999999991,81.3,28611.0,10557.0,105417.0,14381.999999999985,124389.0,22644.0
238,Tellers,215,76.1,75.6,16.6,3.5,20.7,100,4.300000000000011,79.3,44505.0,7525.0,162539.99999999997,9245.000000000024,170495.0,35690.00000000001
239,"Financial clerks, all other",92,58.3,75.1,10.1,8.6,10.2,100,6.200000000000017,89.8,9384.0,7911.999999999999,69092.0,5704.0000000000155,82616.0,9291.999999999998
240,"Court, municipal, and license clerks",77,76.4,80.5,14.7,1.0,14.6,100,3.799999999999997,85.4,11242.0,770.0,61985.0,2925.9999999999977,65758.0,11318.999999999998
241,Customer service representatives,"2,512",64.8,71.8,18.5,5.4,19.7,100,4.299999999999997,80.3,494864.0,135648.00000000003,1803616.0,108015.99999999993,2017136.0,464720.0
242,"Eligibility interviewers, government programs",60,87.1,60.9,25.2,6.2,18.6,100,7.700000000000003,81.4,11160.0,3720.0,36540.0,4620.000000000002,48840.0,15120.0
243,File Clerks,161,80.1,76.0,14.4,4.1,17.2,100,5.5,82.8,27692.0,6600.999999999999,122360.0,8855.0,133308.0,23184.0
244,"Hotel, motel, and resort desk clerks",119,70.3,67.1,16.1,7.2,24.0,100,9.599999999999994,76.0,28560.0,8568.000000000002,79849.0,11423.999999999993,90440.0,19159.0
245,"Interviewers, except eligibility and loan",203,75.9,66.7,23.9,1.7,18.6,100,7.699999999999989,81.4,37758.0,3450.9999999999995,135401.0,15630.999999999976,165242.0,48517.0
246,"Library assistants, clerical",88,84.2,87.5,6.9,3.3,8.2,100,2.299999999999997,91.8,7215.999999999999,2904.0,77000.0,2023.9999999999973,80784.0,6072.0
247,Loan interviewers and clerks,144,69.4,74.8,20.0,2.6,16.5,100,2.6000000000000085,83.5,23760.0,3744.0000000000005,107711.99999999999,3744.0000000000123,120240.0,28800.0
248,Order clerks,112,56.5,72.5,10.7,9.7,15.3,100,7.099999999999994,84.7,17136.000000000004,10863.999999999998,81200.0,7951.9999999999945,94864.0,11983.999999999998
249,Receptionists and information clerks,"1,215",90.0,75.8,15.2,4.5,21.0,100,4.5,79.0,255150.0,54675.0,920970.0,54675.0,959850.0,184680.0
250,Reservation and transportation ticket agents and travel clerks,93,53.2,68.4,15.9,8.5,16.0,100,7.199999999999989,84.0,14880.0,7905.0,63612.00000000001,6695.999999999989,78120.0,14787.0
251,"Information and record clerks, all other",107,76.0,76.3,14.7,6.0,14.4,100,3.0,85.6,15408.0,6420.0,81640.99999999999,3210.0,91591.99999999999,15728.999999999998
252,Couriers and messengers,837,24.9,72.1,19.4,2.8,23.3,100,5.700000000000017,76.7,195021.00000000003,23436.0,603477.0,47709.00000000014,641979.0,162378.0
253,Public safety telecommunicators,88,74.3,78.9,15.8,4.5,9.4,100,0.7999999999999972,90.6,8272.0,3960.0,69432.00000000001,703.9999999999975,79727.99999999999,13904.0
254,"Dispatchers, except police, fire, and ambulance",189,47.5,81.9,12.6,2.6,29.2,100,2.9000000000000057,70.8,55188.0,4914.000000000001,154791.0,5481.000000000011,133811.99999999997,23814.0
255,Postal service clerks,105,58.8,48.1,40.0,10.3,6.3,100,1.5999999999999943,93.7,6615.0,10815.0,50505.0,1679.9999999999939,98385.0,42000.0
256,Postal service mail carriers,273,42.3,71.2,21.4,5.4,10.8,100,2.0,89.2,29484.0,14742.0,194376.00000000003,5460.0,243516.00000000003,58422.0
257,"Postal service mail sorters, processors, and processing machine operators",82,45.9,42.0,42.9,13.2,8.7,100,1.9000000000000057,91.3,7134.0,10823.999999999998,34440.0,1558.0000000000045,74865.99999999999,35177.99999999999
258,"Production, planning, and expediting clerks",212,50.0,77.6,8.4,10.0,14.1,100,4.0,85.9,29892.0,21200.0,164511.99999999997,8480.0,182108.00000000003,17808.000000000004
259,"Shipping, receiving, and inventory clerks",615,36.9,74.3,16.2,4.8,29.1,100,4.700000000000003,70.9,178965.0,29520.0,456945.0,28905.00000000002,436035.0,99630.0
260,Executive secretaries and executive administrative assistants,223,96.4,88.3,6.0,3.2,12.9,100,2.5,87.1,28767.000000000004,7136.0,196908.99999999997,5575.0,194233.0,13380.0
261,Medical secretaries and administrative assistants,58,95.0,78.0,14.6,2.4,17.3,100,5.0,82.7,10034.000000000002,1392.0,45240.0,2900.0,47966.0,8468.0
262,"Secretaries and administrative assistants, except legal, medical, and executive","2,009",92.5,83.8,9.7,3.2,14.0,100,3.299999999999997,86.0,281260.0,64288.0,1683541.9999999998,66296.99999999994,1727740.0,194873.0
263,Data entry keyers,220,76.2,74.5,14.9,7.0,19.2,100,3.5999999999999943,80.8,42240.0,15400.0,163900.0,7919.999999999987,177760.0,32780.0
264,Insurance claims and policy processing clerks,257,78.2,69.1,25.3,1.9,19.5,100,3.700000000000003,80.5,50115.0,4882.999999999999,177586.99999999997,9509.000000000007,206885.0,65021.0
265,"Mail clerks and mail machine operators, except postal service",53,46.9,57.9,30.0,9.3,17.0,100,2.799999999999997,83.0,9010.0,4929.000000000001,30687.0,1483.9999999999986,43990.0,15900.0
266,"Office clerks, general","1,249",83.6,75.7,14.3,6.4,19.0,100,3.5999999999999943,81.0,237310.0,79936.0,945493.0,44963.999999999935,1011690.0,178607.0
267,"Office and administrative support workers, all other",639,71.6,74.4,17.0,4.9,15.1,100,3.6999999999999886,84.9,96489.0,31311.000000000004,475416.00000000006,23642.99999999993,542511.0000000001,108630.0
268,"Graders and sorters, agricultural products",53,71.2,70.2,10.8,10.5,65.3,100,8.5,34.7,34608.99999999999,5565.0,37206.00000000001,4505.0,18391.000000000004,5724.000000000001
269,Miscellaneous agricultural workers,835,23.3,89.3,3.8,2.0,46.7,100,4.900000000000006,53.3,389945.0,16700.0,745655.0,40915.000000000044,445055.0,31730.0
270,Logging workers,51,4.0,98.2,1.1,0.0,16.4,100,0.7000000000000028,83.6,8364.0,0.0,50082.0,357.0000000000015,42635.99999999999,561.0
271,First-line supervisors of construction trades and extraction workers,650,3.8,90.2,6.2,1.0,24.2,100,2.5999999999999943,75.8,157300.0,6500.0,586300.0,16899.999999999964,492700.0,40300.0
272,"Brickmasons, blockmasons, and stonemasons",97,2.2,84.0,9.6,0.0,51.7,100,6.400000000000006,48.3,50149.00000000001,0.0,81480.0,6208.000000000005,46850.99999999999,9311.999999999998
273,Carpenters,"1,230",3.1,87.7,6.3,1.6,39.3,100,4.400000000000006,60.7,483390.0,19680.0,1078710.0,54120.00000000007,746610.0,77490.0
274,"Carpet, floor, and tile installers and finishers",156,7.7,88.8,6.2,0.2,48.2,100,4.799999999999997,51.8,75192.00000000001,312.00000000000006,138528.0,7487.999999999995,80807.99999999999,9672.0
275,"Cement masons, concrete finishers, and terrazzo workers",67,0.0,88.6,6.2,0.1,53.0,100,5.1000000000000085,47.0,35510.0,67.0,59362.0,3417.000000000006,31490.0,4154.000000000001
276,Construction laborers,"2,165",4.5,84.8,8.1,2.6,48.9,100,4.500000000000014,51.1,1058685.0,56290.0,1835920.0,97425.00000000032,1106315.0,175365.0
277,Construction equipment operators,360,3.0,89.0,8.0,0.1,21.8,100,2.9000000000000057,78.2,78480.0,360.0,320400.0,10440.000000000022,281520.0,28800.0
278,"Drywall installers, ceiling tile installers, and tapers",155,3.1,89.8,3.3,0.7,72.5,100,6.200000000000003,27.5,112375.0,1085.0,139190.0,9610.000000000005,42625.0,5115.0
279,Electricians,845,1.7,88.3,6.7,2.6,22.9,100,2.4000000000000057,77.1,193505.0,21970.0,746135.0,20280.000000000047,651494.9999999999,56615.0
280,Glaziers,53,7.6,85.4,11.5,0.0,32.5,100,3.0999999999999943,67.5,17225.0,0.0,45262.00000000001,1642.999999999997,35775.0,6095.0
281,Painters and paperhangers,556,8.9,88.6,7.0,1.0,59.3,100,3.4000000000000057,40.7,329707.99999999994,5560.0,492616.0,18904.000000000033,226292.0,38920.0
282,"Plumbers, pipefitters, and steamfitters",587,2.1,87.2,7.1,1.5,25.7,100,4.200000000000003,74.3,150859.0,8805.0,511864.0,24654.000000000015,436141.0,41677.0
283,Roofers,221,2.9,85.8,7.5,1.1,63.5,100,5.6000000000000085,36.5,140335.0,2431.0000000000005,189618.0,12376.000000000018,80665.0,16575.0
284,Sheet metal workers,125,3.9,89.5,4.6,0.8,19.8,100,5.1000000000000085,80.2,24750.0,1000.0,111875.0,6375.000000000011,100250.0,5750.0
285,"Helpers, construction trades",71,3.5,83.7,9.9,0.6,43.3,100,5.799999999999997,56.7,30742.999999999996,426.0,59427.0,4117.999999999997,40257.00000000001,7029.0
286,Construction and building inspectors,103,10.0,87.6,7.3,3.5,12.3,100,1.6000000000000085,87.7,12669.0,3605.0,90228.0,1648.0000000000086,90331.0,7519.0
287,Highway maintenance workers,99,3.6,85.5,10.1,0.7,17.3,100,3.700000000000003,82.7,17127.0,693.0,84645.0,3663.0000000000027,81873.0,9999.0
288,Other extraction workers,55,0.5,80.1,15.9,0.4,30.5,100,3.5999999999999943,69.5,16775.0,220.0,44055.0,1979.9999999999968,38225.0,8745.0
289,"First-line supervisors of mechanics, installers, and repairers",222,6.0,89.1,5.8,0.7,12.3,100,4.400000000000006,87.7,27306.000000000004,1553.9999999999998,197801.99999999997,9768.000000000013,194694.0,12876.0
290,"Computer, automated teller, and office machine repairers",176,15.4,73.4,12.6,9.1,16.8,100,4.900000000000006,83.2,29568.0,16016.0,129184.00000000001,8624.000000000011,146432.0,22176.0
291,Radio and telecommunications equipment installers and repairers,155,4.5,80.3,10.5,4.2,15.5,100,5.0,84.5,24025.0,6510.0,124465.0,7750.0,130975.0,16275.0
292,Security and fire alarm systems installers,72,4.5,89.8,2.3,2.6,32.1,100,5.300000000000011,67.9,23112.000000000004,1872.0000000000002,64655.99999999999,3816.000000000008,48888.0,1656.0
293,Aircraft mechanics and service technicians,150,3.2,89.3,5.7,4.2,15.3,100,0.7999999999999972,84.7,22950.0,6300.0,133950.0,1199.9999999999957,127050.0,8550.0
294,Automotive body and related repairers,123,2.4,89.9,5.6,1.9,29.0,100,2.5999999999999943,71.0,35670.0,2337.0,110577.0,3197.999999999993,87330.0,6888.0
295,Automotive service technicians and mechanics,864,2.3,83.4,8.0,4.6,28.2,100,4.0,71.8,243648.0,39743.99999999999,720576.0,34560.0,620352.0,69120.0
296,Bus and truck mechanics and diesel engine specialists,362,1.2,85.2,7.1,3.2,19.2,100,4.5,80.8,69504.0,11584.0,308424.0,16290.0,292496.0,25702.0
297,Heavy vehicle and mobile equipment service technicians and mechanics,248,1.2,88.4,5.4,2.4,19.1,100,3.799999999999983,80.9,47368.0,5951.999999999999,219232.0,9423.999999999958,200632.0,13392.0
298,"Miscellaneous vehicle and mobile equipment mechanics, installers, and repairers",84,2.8,87.9,9.3,1.4,19.5,100,1.3999999999999915,80.5,16380.0,1176.0,73836.0,1175.999999999993,67620.0,7812.0
299,"Heating, air conditioning, and refrigeration mechanics and installers",445,1.5,82.0,11.1,3.4,25.3,100,3.5,74.7,112585.0,15130.0,364900.0,15575.0,332415.0,49395.0
300,Industrial and refractory machinery mechanics,429,5.1,87.9,6.1,3.4,19.6,100,2.5999999999999943,80.4,84084.00000000001,14586.0,377091.00000000006,11153.999999999976,344916.00000000006,26168.999999999996
301,"Maintenance and repair workers, general",614,5.1,84.6,8.8,2.5,21.0,100,4.1000000000000085,79.0,128940.0,15350.0,519443.99999999994,25174.00000000005,485060.0,54032.00000000001
302,Electrical power-line installers and repairers,125,0.7,87.0,8.5,0.6,11.9,100,3.9000000000000057,88.1,14875.0,750.0,108750.0,4875.000000000007,110125.0,10625.0
303,Telecommunications line installers and repairers,134,7.0,79.8,13.7,2.1,38.4,100,4.400000000000006,61.6,51455.99999999999,2814.0000000000005,106931.99999999999,5896.000000000008,82544.0,18358.0
304,Precision instrument and equipment repairers,68,12.9,67.9,17.2,10.6,20.0,100,4.299999999999997,80.0,13600.0,7208.0,46172.00000000001,2923.999999999998,54400.0,11696.0
305,"Other installation, maintenance, and repair workers",182,10.6,87.7,7.7,1.3,27.0,100,3.299999999999997,73.0,49140.0,2366.0,159614.0,6005.9999999999945,132860.0,14014.0
306,First-line supervisors of production and operating workers,767,19.5,80.7,12.8,3.2,17.6,100,3.299999999999997,82.4,134992.0,24544.0,618969.0,25310.999999999978,632008.0,98176.0
307,"Electrical, electronics, and electromechanical assemblers",110,41.9,68.9,10.0,15.9,15.8,100,5.199999999999989,84.2,17380.0,17490.0,75790.00000000001,5719.999999999987,92620.0,11000.0
308,Other assemblers and fabricators,957,34.1,70.2,18.5,7.6,21.9,100,3.700000000000003,78.1,209583.0,72732.0,671814.0000000001,35409.00000000003,747417.0,177045.0
309,Bakers,229,64.8,81.2,11.1,3.5,32.7,100,4.200000000000003,67.3,74883.00000000001,8015.0,185948.0,9618.000000000005,154116.99999999997,25419.0
310,"Butchers and other meat, poultry, and fish processing workers",246,19.4,75.3,15.4,4.6,39.7,100,4.700000000000003,60.3,97662.0,11316.0,185238.0,11562.000000000007,148338.0,37884.0
311,Food batchmakers,93,48.7,84.3,9.5,2.4,29.2,100,3.799999999999997,70.8,27156.0,2232.0,78399.0,3533.9999999999977,65844.0,8835.0
312,"Food processing workers, all other",144,43.9,73.9,16.3,5.6,33.9,100,4.200000000000003,66.1,48815.99999999999,8064.0,106416.0,6048.000000000005,95184.0,23472.000000000004
313,Computer numerically controlled tool operators and programmers,90,8.1,83.8,7.2,4.1,7.4,100,4.900000000000006,92.6,6660.0,3689.9999999999995,75420.0,4410.0000000000055,83340.0,6480.0
314,"Cutting, punching, and press machine setters, operators, and tenders, metal and plastic",70,26.4,86.9,9.1,0.0,14.3,100,4.0,85.7,10010.0,0.0,60830.0,2800.0,59990.0,6370.0
315,Machinists,323,3.4,88.2,5.8,3.3,17.9,100,2.700000000000003,82.1,57817.0,10658.999999999998,284886.00000000006,8721.00000000001,265183.0,18733.999999999996
316,"Welding, soldering, and brazing workers",555,3.5,84.6,9.8,2.4,22.5,100,3.200000000000003,77.5,124875.0,13320.0,469530.0,17760.000000000015,430125.0,54390.0
317,Other metal workers and plastic workers,335,22.0,74.6,15.8,5.9,27.7,100,3.700000000000003,72.3,92795.0,19765.000000000004,249909.99999999997,12395.00000000001,242205.0,52930.0
318,Printing press operators,143,15.2,75.1,14.5,5.8,22.2,100,4.6000000000000085,77.8,31746.0,8294.0,107393.0,6578.000000000012,111254.0,20735.0
319,Laundry and dry-cleaning workers,116,67.1,61.6,26.4,8.6,32.3,100,3.4000000000000057,67.7,37467.99999999999,9975.999999999998,71456.0,3944.0000000000064,78532.00000000001,30623.999999999996
320,Sewing machine operators,120,71.1,85.3,6.9,3.9,46.1,100,3.8999999999999915,53.9,55320.0,4680.0,102360.0,4679.999999999989,64680.0,8280.0
321,"Tailors, dressmakers, and sewers",58,86.5,58.5,10.6,25.8,19.5,100,5.1000000000000085,80.5,11310.0,14964.0,33930.0,2958.0000000000055,46690.0,6148.0
322,Cabinetmakers and bench carpenters,67,5.8,94.2,4.7,0.0,21.8,100,1.0999999999999943,78.2,14606.000000000002,0.0,63114.00000000001,736.9999999999962,52394.00000000001,3149.0000000000005
323,Stationary engineers and boiler operators,66,7.9,72.4,10.8,13.4,14.3,100,3.3999999999999915,85.7,9438.000000000002,8844.0,47784.00000000001,2243.9999999999945,56562.0,7128.000000000001
324,Water and wastewater treatment plant and system operators,99,9.6,85.6,7.2,2.6,8.9,100,4.6000000000000085,91.1,8811.0,2574.0000000000005,84744.0,4554.000000000008,90189.0,7128.000000000001
325,"Chemical processing machine setters, operators, and tenders",72,13.9,86.7,9.5,1.4,14.9,100,2.3999999999999915,85.1,10728.0,1008.0,62424.00000000001,1727.9999999999939,61272.0,6840.0
326,"Crushing, grinding, polishing, mixing, and blending workers",76,13.6,75.5,17.9,2.3,20.6,100,4.300000000000011,79.4,15656.000000000002,1747.9999999999998,57380.0,3268.0000000000086,60344.00000000001,13603.999999999998
327,Cutting workers,53,24.9,69.1,25.4,1.1,27.3,100,4.400000000000006,72.7,14469.0,583.0000000000001,36622.99999999999,2332.0000000000027,38531.00000000001,13461.999999999998
328,"Inspectors, testers, sorters, samplers, and weighers",829,39.3,78.6,11.6,7.1,21.7,100,2.700000000000017,78.3,179893.0,58859.0,651593.9999999999,22383.000000000146,649107.0,96164.0
329,Jewelers and precious stone and metal workers,51,52.0,70.2,2.6,17.4,17.1,100,9.800000000000011,82.9,8721.0,8874.0,35802.00000000001,4998.0000000000055,42279.00000000001,1326.0
330,Dental and ophthalmic laboratory technicians and medical appliance technicians,73,49.5,74.7,7.9,13.7,19.0,100,3.6999999999999886,81.0,13870.0,10000.999999999998,54531.0,2700.999999999992,59130.0,5767.0
331,Packaging and filling machine operators and tenders,253,51.5,67.8,21.0,7.3,43.9,100,3.9000000000000057,56.1,111066.99999999999,18468.999999999996,171533.99999999997,9867.000000000015,141933.00000000003,53130.0
332,Painting workers,153,7.7,82.9,5.1,3.2,32.3,100,8.799999999999997,67.7,49419.0,4896.0,126837.0,13463.999999999995,103581.0,7803.0
333,Helpers--production workers,53,30.9,75.0,14.1,8.7,27.8,100,2.200000000000003,72.2,14734.0,4610.999999999999,39750.0,1166.0000000000014,38266.00000000001,7473.0
334,Other production workers,"1,178",29.1,74.5,16.3,5.8,26.8,100,3.4000000000000057,73.2,315704.0,68324.0,877610.0,40052.000000000065,862296.0,192014.0
335,Supervisors of transportation and material moving workers,355,24.3,75.7,14.4,4.4,21.2,100,5.499999999999986,78.8,75260.0,15620.000000000002,268735.0,19524.999999999953,279740.0,51120.0
336,Aircraft pilots and flight engineers,158,5.3,93.0,3.9,1.5,6.1,100,1.5999999999999943,93.9,9638.0,2370.0,146940.0,2527.999999999991,148362.0,6161.999999999999
337,Flight attendants,105,64.6,70.7,18.4,7.1,9.5,100,3.8000000000000114,90.5,9975.0,7455.0,74235.0,3990.0000000000123,95025.0,19319.999999999996
338,"Bus drivers, school",276,55.3,72.4,23.2,3.0,10.0,100,1.3999999999999915,90.0,27600.0,8280.0,199824.0,3863.999999999977,248400.0,64032.0
339,"Bus drivers, transit and intercity",241,41.0,58.7,35.2,2.3,14.4,100,3.799999999999997,85.6,34704.0,5543.0,141467.0,9157.999999999993,206296.0,84832.0
340,Driver/sales workers and truck drivers,"3,487",7.9,74.0,18.7,3.8,23.6,100,3.5,76.4,822932.0000000001,132505.99999999997,2580380.0,122045.0,2664068.0000000005,652068.9999999999
341,Shuttle drivers and chauffeurs,57,9.3,68.3,23.0,5.8,19.8,100,2.9000000000000057,80.2,11286.000000000002,3305.9999999999995,38931.0,1653.0000000000032,45714.00000000001,13110.0
342,Taxi drivers,337,12.0,56.8,25.1,15.3,28.2,100,2.8000000000000114,71.8,95034.0,51561.0,191416.0,9436.000000000036,241966.0,84587.0
343,"Motor vehicle operators, all other",163,15.1,66.7,22.5,8.4,22.1,100,2.3999999999999915,77.9,36023.0,13692.0,108721.0,3911.999999999986,126977.0,36675.0
344,Parking attendants,71,13.3,61.1,28.4,6.8,35.7,100,3.6999999999999886,64.3,25347.000000000004,4828.0,43381.0,2626.999999999992,45653.0,20163.999999999996
345,Transportation service attendants,89,10.7,71.8,16.5,2.4,19.8,100,9.299999999999997,80.2,17622.0,2136.0,63902.0,8276.999999999996,71378.0,14685.0
346,Crane and tower operators,56,1.1,78.5,18.0,0.7,8.1,100,2.799999999999997,91.9,4535.999999999999,391.99999999999994,43960.0,1567.9999999999986,51464.00000000001,10080.0
347,Industrial truck and tractor operators,623,9.1,69.2,24.9,1.5,33.3,100,4.400000000000006,66.7,207458.99999999997,9345.0,431116.0,27412.000000000033,415541.0,155126.99999999997
348,Cleaners of vehicles and equipment,301,17.0,72.1,21.1,2.6,30.1,100,4.200000000000017,69.9,90601.0,7826.0,217021.0,12642.000000000051,210399.0,63511.0
349,"Laborers and freight, stock, and material movers, hand","2,161",22.9,71.4,20.1,3.5,24.1,100,5.0,75.9,520801.00000000006,75635.0,1542954.0000000002,108050.0,1640199.0000000002,434361.00000000006
350,"Packers and packagers, hand",742,52.1,67.9,19.1,8.5,38.0,100,4.5,62.0,281960.0,63070.0,503818.0,33390.0,460040.0,141722.0
351,Stockers and order fillers,"1,652",37.1,69.5,21.3,3.8,20.4,100,5.400000000000006,79.6,337007.99999999994,62775.99999999999,1148140.0,89208.00000000009,1314991.9999999998,351876.0
352,Refuse and recyclable material collectors,87,12.1,78.9,18.6,0.0,27.7,100,2.5,72.3,24099.0,0.0,68643.0,2175.0,62900.99999999999,16182.0
353,Other material moving workers,66,17.7,79.1,13.8,0.9,26.3,100,6.200000000000003,73.7,17358.0,594.0,52205.99999999999,4092.000000000002,48642.0,9108.000000000002
